,HomeID,AwayID,Loss
0,1112,1116,0.636329310012
1,1112,1124,0.431941626293
2,1112,1137,0.834472276573
3,1112,1139,0.486766104736
4,1112,1153,0.46129894401
5,1112,1166,0.510445283514
6,1112,1173,0.571690403155
7,1112,1181,0.361227186322
8,1112,1190,0.793225470434
9,1112,1195,0.823592954923
10,1112,1196,0.383336010479
11,1112,1199,0.450260382156
12,1112,1211,0.334255681386
13,1112,1233,0.946917211146
14,1112,1235,0.479825097778
15,1112,1240,0.979107988248
16,1112,1242,0.379513509243
17,1112,1243,0.599070742501
18,1112,1245,0.950521566091
19,1112,1246,0.37890634946
20,1112,1257,0.355434605751
21,1112,1266,0.544931372573
22,1112,1268,0.648825954318
23,1112,1274,0.527667486573
24,1112,1276,0.460094338529
25,1112,1277,0.629393618178
26,1112,1278,0.584754144571
27,1112,1291,0.990671474082
28,1112,1292,0.651887865973
29,1112,1297,0.981084225024
30,1112,1300,0.966122706074
31,1112,1305,0.66289019624
32,1112,1308,0.879676809568
33,1112,1309,0.992892714108
34,1112,1314,0.339172650808
35,1112,1315,0.959994719827
36,1112,1321,0.647617932189
37,1112,1323,0.473773433339
38,1112,1329,0.526384677729
39,1112,1332,0.40800820584
40,1112,1343,0.70048687487
41,1112,1344,0.705618413992
42,1112,1345,0.401201970519
43,1112,1348,0.575433834133
44,1112,1355,0.985470493903
45,1112,1371,0.680237533978
46,1112,1374,0.442942247457
47,1112,1376,0.613337719694
48,1112,1388,0.424053877849
49,1112,1407,0.932743866881
50,1112,1411,0.982378036005
51,1112,1413,0.991961884304
52,1112,1417,0.414140785238
53,1112,1423,0.730994511288
54,1112,1425,0.721189833271
55,1112,1433,0.606152349832
56,1112,1435,0.593985667072
57,1112,1436,0.689685142068
58,1112,1437,0.328547176186
59,1112,1438,0.365122654055
60,1112,1439,0.658343066924
61,1112,1448,0.55660490164
62,1112,1452,0.377531090611
63,1112,1455,0.459179099358
64,1112,1457,0.879858035653
65,1112,1458,0.484507674404
66,1112,1462,0.587116860584
67,1116,1124,0.260722065387
68,1116,1137,0.700436136963
69,1116,1139,0.305501946856
70,1116,1153,0.284265678802
71,1116,1166,0.325963676932
72,1116,1173,0.382362179886
73,1116,1181,0.207785312192
74,1116,1190,0.640191009729
75,1116,1195,0.68408242636
76,1116,1196,0.223793015285
77,1116,1199,0.275298484166
78,1116,1211,0.188882968827
79,1116,1233,0.892167390359
80,1116,1235,0.299636647925
81,1116,1240,0.956017727776
82,1116,1242,0.220991296623
83,1116,1243,0.409340939231
84,1116,1245,0.899093137706
85,1116,1246,0.220547602746
86,1116,1257,0.203668763408
87,1116,1266,0.357076974446
88,1116,1268,0.461475826976
89,1116,1274,0.341300941848
90,1116,1276,0.283280265811
91,1116,1277,0.440614393333
92,1116,1278,0.395090374044
93,1116,1291,0.980101673872
94,1116,1292,0.464823869551
95,1116,1297,0.96008910767
96,1116,1300,0.929711138915
97,1116,1305,0.476995102506
98,1116,1308,0.772254950323
99,1116,1309,0.984801104206
100,1116,1314,0.192279102848
101,1116,1315,0.917558778914
102,1116,1321,0.46015955009
103,1116,1323,0.294570619972
104,1116,1329,0.340144930998
105,1116,1332,0.242230270615
106,1116,1343,0.520321831108
107,1116,1344,0.526453402226
108,1116,1345,0.237081968861
109,1116,1348,0.38598309881
110,1116,1355,0.969190928123
111,1116,1371,0.496644641668
112,1116,1374,0.269430324769
113,1116,1376,0.42386641687
114,1116,1388,0.254559852456
115,1116,1407,0.865452729219
116,1116,1411,0.962764451064
117,1116,1413,0.982828856558
118,1116,1417,0.246910380955
119,1116,1423,0.557590502288
120,1116,1425,0.5453961398
121,1116,1433,0.416509703391
122,1116,1435,0.404242554739
123,1116,1436,0.507590033078
124,1116,1437,0.184967390788
125,1116,1438,0.210571542266
126,1116,1439,0.471937970013
127,1116,1448,0.36798037285
128,1116,1452,0.219543944872
129,1116,1455,0.282532694409
130,1116,1457,0.772556138388
131,1116,1458,0.303587051771
132,1116,1462,0.39742019255
133,1124,1137,0.864369862971
134,1124,1139,0.545241023333
135,1124,1153,0.519813080713
136,1124,1166,0.568613265555
137,1124,1173,0.62788629675
138,1124,1181,0.416870555187
139,1124,1190,0.829046813666
140,1124,1195,0.855114384719
141,1124,1196,0.440038935834
142,1124,1199,0.508696530502
143,1124,1211,0.388269736179
144,1124,1233,0.957538463587
145,1124,1235,0.538340806001
146,1124,1240,0.983401144965
147,1124,1242,0.436050829278
148,1124,1243,0.653849381538
149,1124,1245,0.960451749455
150,1124,1246,0.435416691219
151,1124,1257,0.410759467666
152,1124,1266,0.60219513946
153,1124,1268,0.70020849278
154,1124,1274,0.585451032488
155,1124,1276,0.518602774452
156,1124,1277,0.682226888895
157,1124,1278,0.640314415782
158,1124,1291,0.992606362157
159,1124,1292,0.703027453067
160,1124,1297,0.984977510276
161,1124,1300,0.973010689521
162,1124,1305,0.71312476427
163,1124,1308,0.90236486567
164,1124,1309,0.994369499375
165,1124,1314,0.393511612042
166,1124,1315,0.968087499178
167,1124,1321,0.699095251528
168,1124,1323,0.532306353418
169,1124,1329,0.584201494781
170,1124,1332,0.46560511837
171,1124,1343,0.747255057368
172,1124,1344,0.75186915332
173,1124,1345,0.458582358009
174,1124,1348,0.631455200523
175,1124,1355,0.988471596323
176,1124,1371,0.728944096327
177,1124,1374,0.501294698889
178,1124,1376,0.667249792025
179,1124,1388,0.482071372605
180,1124,1407,0.946039435177
181,1124,1411,0.986008823928
182,1124,1413,0.993630841072
183,1124,1417,0.471913297174
184,1124,1423,0.774532308358
185,1124,1425,0.765806096815
186,1124,1433,0.660511739323
187,1124,1435,0.649052065473
188,1124,1436,0.737507947079
189,1124,1437,0.382168303491
190,1124,1438,0.420970624233
191,1124,1439,0.708957730134
192,1124,1448,0.613441750145
193,1124,1452,0.433979640731
194,1124,1455,0.517682744687
195,1124,1457,0.90251570676
196,1124,1458,0.542998326968
197,1124,1462,0.642554242875
198,1137,1139,0.106232477604
199,1137,1153,0.0969150009779
200,1137,1166,0.115568599894
201,1137,1173,0.143303792292
202,1137,1181,0.0661797374594
203,1137,1190,0.324670622874
204,1137,1195,0.369121942536
205,1137,1196,0.0722734456942
206,1137,1199,0.0930891451218
207,1137,1211,0.0591967521191
208,1137,1233,0.69093433848
209,1137,1235,0.103622112824
210,1137,1240,0.854508302271
211,1137,1242,0.0711946501248
212,1137,1243,0.157722392923
213,1137,1245,0.706533283489
214,1137,1246,0.0710242890439
215,1137,1257,0.064639709384
216,1137,1266,0.130487389549
217,1137,1268,0.188011151992
218,1137,1274,0.122810043798
219,1137,1276,0.0964914870021
220,1137,1277,0.175483582381
221,1137,1278,0.150006873245
222,1137,1291,0.930113757593
223,1137,1292,0.190075455027
224,1137,1297,0.866665745949
225,1137,1300,0.781371707715
226,1137,1305,0.197710255243
227,1137,1308,0.478140275437
228,1137,1309,0.945968103438
229,1137,1314,0.0604348514237
230,1137,1315,0.750456503918
231,1137,1321,0.18720373444
232,1137,1323,0.101390377866
233,1137,1329,0.122256722657
234,1137,1332,0.0795063388943
235,1137,1343,0.22666301734
236,1137,1344,0.231000559318
237,1137,1345,0.0774629865733
238,1137,1348,0.145193041629
239,1137,1355,0.894737187104
240,1137,1371,0.210485031958
241,1137,1374,0.090619234449
242,1137,1376,0.165825883227
243,1137,1388,0.0844765903752
244,1137,1407,0.634774431076
245,1137,1411,0.874786792556
246,1137,1413,0.939267544401
247,1137,1417,0.0813801189528
248,1137,1423,0.254037448901
249,1137,1425,0.244808215837
250,1137,1433,0.161690862276
251,1137,1435,0.154935880754
252,1137,1436,0.217853345822
253,1137,1437,0.0577780893307
254,1137,1438,0.0672282889423
255,1137,1439,0.194512882511
256,1137,1448,0.13593473054
257,1137,1452,0.0706394084195
258,1137,1455,0.0961707052499
259,1137,1457,0.478567795022
260,1137,1458,0.105377092881
261,1137,1462,0.151252823115
262,1139,1153,0.450851260173
263,1139,1166,0.499917463441
264,1139,1173,0.561347826281
265,1139,1181,0.3515668283
266,1139,1190,0.786232097027
267,1139,1195,0.817390205151
268,1139,1196,0.373430046289
269,1139,1199,0.43985857013
270,1139,1211,0.324949692988
271,1139,1233,0.944759893543
272,1139,1235,0.469323376502
273,1139,1240,0.978228845024
274,1139,1242,0.369647112936
275,1139,1243,0.588913905895
276,1139,1245,0.94850276536
277,1139,1246,0.369046349567
278,1139,1257,0.345845287024
279,1139,1266,0.534468807618
280,1139,1268,0.639170383331
281,1139,1274,0.517159695724
282,1139,1276,0.449651164603
283,1139,1277,0.619517072435
284,1139,1278,0.574492230518
285,1139,1291,0.990274092855
286,1139,1292,0.642270065793
287,1139,1297,0.980286568177
288,1139,1300,0.964716828596
289,1139,1305,0.653414759643
290,1139,1308,0.87514711093
291,1139,1309,0.992589246559
292,1139,1314,0.329797583706
293,1139,1315,0.958345500819
294,1139,1321,0.637947680683
295,1139,1323,0.463286197413
296,1139,1329,0.515874531974
297,1139,1332,0.39787603793
298,1139,1343,0.691576519908
299,1139,1344,0.696794640538
300,1139,1345,0.391127151926
301,1139,1348,0.56511288825
302,1139,1355,0.984854945755
303,1139,1371,0.671007699872
304,1139,1374,0.43257646671
305,1139,1376,0.603302978316
306,1139,1388,0.413801771307
307,1139,1407,0.930053084728
308,1139,1411,0.981633916358
309,1139,1413,0.991619007581
310,1139,1417,0.403960245589
311,1139,1423,0.722632370785
312,1139,1425,0.712642721819
313,1139,1433,0.596053946023
314,1139,1435,0.583789509035
315,1139,1436,0.680599964928
316,1139,1437,0.319323887145
317,1139,1438,0.355416083528
318,1139,1439,0.648807532718
319,1139,1448,0.546187214179
320,1139,1452,0.367685692056
321,1139,1455,0.448739433245
322,1139,1457,0.875334192607
323,1139,1458,0.473996855071
324,1139,1462,0.576871085301
325,1153,1166,0.550934223391
326,1153,1173,0.610974454831
327,1153,1181,0.399539810466
328,1153,1190,0.818636578498
329,1153,1195,0.84599666755
330,1153,1196,0.422442775442
331,1153,1199,0.490761086001
332,1153,1211,0.371370779582
333,1153,1233,0.954523552229
334,1153,1235,0.520467404173
335,1153,1240,0.98218841214
336,1153,1242,0.418494958038
337,1153,1243,0.637436153694
338,1153,1245,0.957634539121
339,1153,1246,0.417867433383
340,1153,1257,0.393511336126
341,1153,1266,0.58488762464
342,1153,1268,0.684934225424
343,1153,1274,0.567937702429
344,1153,1276,0.500673991518
345,1153,1277,0.666472853921
346,1153,1278,0.623628831768
347,1153,1291,0.992060744228
348,1153,1292,0.687832779755
349,1153,1297,0.983878060521
350,1153,1300,0.971061156632
351,1153,1305,0.698224957961
352,1153,1308,0.895858510805
353,1153,1309,0.993953200592
354,1153,1314,0.376524935113
355,1153,1315,0.965794848342
356,1153,1321,0.683789879018
357,1153,1323,0.514410058949
358,1153,1329,0.566674447896
359,1153,1332,0.447804190606
360,1153,1343,0.733465374291
361,1153,1344,0.73824303024
362,1153,1345,0.440828440278
363,1153,1348,0.614606000808
364,1153,1355,0.987624655059
365,1153,1371,0.714537021863
366,1153,1374,0.483363471967
367,1153,1376,0.6511329408
368,1153,1388,0.464187738516
369,1153,1407,0.942257290066
370,1153,1411,0.984983702147
371,1153,1413,0.99316030423
372,1153,1417,0.454076121448
373,1153,1423,0.76175637579
374,1153,1425,0.752693581988
375,1153,1433,0.644242533639
376,1153,1435,0.632539204171
377,1153,1436,0.723383324654
378,1153,1437,0.365376291228
379,1153,1438,0.403587397754
380,1153,1439,0.693934384102
381,1153,1448,0.596295518519
382,1153,1452,0.416445580087
383,1153,1455,0.499752748976
384,1153,1457,0.896018245554
385,1153,1458,0.52514619027
386,1153,1462,0.625911859533
387,1166,1173,0.543393814186
388,1166,1181,0.335195283523
389,1166,1190,0.77377311187
390,1166,1195,0.806299806397
391,1166,1196,0.356600291206
392,1166,1199,0.422051609685
393,1166,1211,0.309226546981
394,1166,1233,0.940845187
395,1166,1235,0.451284602781
396,1166,1240,0.976627308415
397,1166,1242,0.352891825521
398,1166,1243,0.571226360633
399,1166,1245,0.944837818231
400,1166,1246,0.352303073918
401,1166,1257,0.329604746867
402,1166,1266,0.516362495034
403,1166,1268,0.622258212706
404,1166,1274,0.499011211612
405,1166,1276,0.431753338127
406,1166,1277,0.602256963126
407,1166,1278,0.55665130965
408,1166,1291,0.989549166258
409,1166,1292,0.625418035881
410,1166,1297,0.978833127095
411,1166,1300,0.962159766091
412,1166,1305,0.636790840821
413,1166,1308,0.866993667561
414,1166,1309,0.992035493532
415,1166,1314,0.313948959261
416,1166,1315,0.955348063692
417,1166,1321,0.621012181947
418,1166,1323,0.445284762066
419,1166,1329,0.497724657587
420,1166,1332,0.380613804552
421,1166,1343,0.675875047383
422,1166,1344,0.68123637287
423,1166,1345,0.373975864697
424,1166,1348,0.547188672097
425,1166,1355,0.983732734827
426,1166,1371,0.654781797127
427,1166,1374,0.414845975704
428,1166,1376,0.585799104233
429,1166,1388,0.396303353324
430,1166,1407,0.925178689673
431,1166,1411,0.980277814631
432,1166,1413,0.990993413325
433,1166,1417,0.386603528756
434,1166,1423,0.707844015479
435,1166,1425,0.697544675045
436,1166,1433,0.578453708964
437,1166,1435,0.566043948903
438,1166,1436,0.66461068823
439,1166,1437,0.303750466952
440,1166,1438,0.33895898921
441,1166,1439,0.632087057092
442,1166,1448,0.528134287085
443,1166,1452,0.350969809675
444,1166,1455,0.430849486637
445,1166,1457,0.867191112452
446,1166,1458,0.455932781349
447,1166,1462,0.559053350285
448,1173,1181,0.270240146628
449,1173,1190,0.715269401426
450,1173,1195,0.753528337082
451,1173,1196,0.289302276373
452,1173,1199,0.349103672059
453,1173,1211,0.247430759634
454,1173,1233,0.921144232603
455,1173,1235,0.376576184693
456,1173,1240,0.968443554083
457,1173,1242,0.285982595515
458,1173,1243,0.494558202593
459,1173,1245,0.926362499332
460,1173,1246,0.285456230388
461,1173,1257,0.265300632825
462,1173,1266,0.439509954216
463,1173,1268,0.547486400082
464,1173,1274,0.422485204465
465,1173,1276,0.358167729028
466,1173,1277,0.52653842844
467,1173,1278,0.479750576875
468,1173,1291,0.985824220394
469,1173,1292,0.550820194678
470,1173,1297,0.971399103365
471,1173,1300,0.949173952433
472,1173,1305,0.562874883737
473,1173,1308,0.827214123452
474,1173,1309,0.989187055104
475,1173,1314,0.251553114505
476,1173,1315,0.940170004905
477,1173,1321,0.546173607967
478,1173,1323,0.370898217548
479,1173,1329,0.421230061094
480,1173,1332,0.310974314327
481,1173,1343,0.604978958257
482,1173,1344,0.610837748881
483,1173,1345,0.304952928765
484,1173,1348,0.470208740115
485,1173,1355,0.977980793931
486,1173,1371,0.582124519339
487,1173,1374,0.34240561327
488,1173,1376,0.509499186252
489,1173,1388,0.325300871019
490,1173,1407,0.90081022544
491,1173,1411,0.973337359161
492,1173,1413,0.98777687574
493,1173,1417,0.31642799623
494,1173,1423,0.640218223901
495,1173,1425,0.628785123468
496,1173,1433,0.50195110316
497,1173,1435,0.489277639866
498,1173,1436,0.592735395999
499,1173,1437,0.24266458387
500,1173,1438,0.273574642744
501,1173,1439,0.557878462879
502,1173,1448,0.451164106572
503,1173,1452,0.284264915049
504,1173,1455,0.35732105787
505,1173,1457,0.827458868222
506,1173,1458,0.380989153304
507,1173,1462,0.48218168336
508,1181,1190,0.876209467224
509,1181,1195,0.895987753547
510,1181,1196,0.534227232729
511,1181,1199,0.601787127599
512,1181,1211,0.480893378456
513,1181,1233,0.970513554236
514,1181,1235,0.629901042849
515,1181,1240,0.988567659096
516,1181,1242,0.530193747222
517,1181,1243,0.733827707284
518,1181,1245,0.972562128094
519,1181,1246,0.529551258393
520,1181,1257,0.504325081639
521,1181,1266,0.688420942975
522,1181,1268,0.773191079402
523,1181,1274,0.673337435337
524,1181,1276,0.611250786472
525,1181,1277,0.758074542363
526,1181,1278,0.72209080656
527,1181,1291,0.994922479233
528,1181,1292,0.775543764436
529,1181,1297,0.989658529002
530,1181,1300,0.981349974126
531,1181,1305,0.783933237283
532,1181,1308,0.930984336086
533,1181,1309,0.996135449761
534,1181,1314,0.486391466988
535,1181,1315,0.977913444589
536,1181,1321,0.772260705152
537,1181,1323,0.624228002808
538,1181,1329,0.672204483009
539,1181,1332,0.559795037788
540,1181,1343,0.811861772109
541,1181,1344,0.81558748584
542,1181,1345,0.552821263464
543,1181,1348,0.714347223649
544,1181,1355,0.992072617946
545,1181,1371,0.796959659891
546,1181,1374,0.594670278044
547,1181,1376,0.745337846131
548,1181,1388,0.576001942031
549,1181,1407,0.96239030333
550,1181,1411,0.990371625917
551,1181,1413,0.995627445532
552,1181,1417,0.566027678506
553,1181,1423,0.833717979534
554,1181,1425,0.826770094064
555,1181,1433,0.739563861594
556,1181,1435,0.72968056146
557,1181,1436,0.803952542861
558,1181,1437,0.474465343094
559,1181,1438,0.51482996639
560,1181,1439,0.780478123487
561,1181,1448,0.698450509033
562,1181,1452,0.52809412844
563,1181,1455,0.610374793304
564,1181,1457,0.931094337969
565,1181,1458,0.634262400138
566,1181,1462,0.724040865141
567,1190,1195,0.460290904227
568,1190,1196,0.101975358774
569,1190,1199,0.130145530148
570,1190,1211,0.0840112464499
571,1190,1233,0.765182362484
572,1190,1235,0.144204701663
573,1190,1240,0.89540881679
574,1190,1242,0.100501243335
575,1190,1243,0.214424438976
576,1190,1245,0.778236682586
577,1190,1246,0.100268325303
578,1190,1257,0.0915138818226
579,1190,1266,0.179484741931
580,1190,1268,0.252339916989
581,1190,1274,0.169486511741
582,1190,1276,0.134701093305
583,1190,1277,0.236775891161
584,1190,1278,0.204608962481
585,1190,1291,0.950979411433
586,1190,1292,0.254888814183
587,1190,1297,0.904530409379
588,1190,1300,0.83895752424
589,1190,1305,0.264277508668
590,1190,1308,0.571829470563
591,1190,1309,0.962292093538
592,1190,1314,0.0857210524984
593,1190,1315,0.814249491952
594,1190,1321,0.251341751741
595,1190,1323,0.141236646063
596,1190,1329,0.168763349584
597,1190,1332,0.111822440175
598,1190,1343,0.299341290415
599,1190,1344,0.304521973672
600,1190,1345,0.109046938525
601,1190,1348,0.198452009024
602,1190,1355,0.925316991401
603,1190,1371,0.279853117871
604,1190,1374,0.1268299117
605,1190,1376,0.224664115012
606,1190,1388,0.118552709851
607,1190,1407,0.716987733394
608,1190,1411,0.910583159209
609,1190,1413,0.957524995854
610,1190,1417,0.114363211798
611,1190,1423,0.331728034346
612,1190,1425,0.320890446538
613,1190,1433,0.219447884084
614,1190,1435,0.210886979969
615,1190,1436,0.288761606898
616,1190,1437,0.0820497629224
617,1190,1438,0.095069286682
618,1190,1439,0.260352955642
619,1190,1448,0.186538716541
620,1190,1452,0.0997419861736
621,1190,1455,0.134272162986
622,1190,1457,0.572248901543
623,1190,1458,0.146534643319
624,1190,1462,0.206198415452
625,1195,1196,0.0818660150654
626,1195,1199,0.105131416999
627,1195,1211,0.0671793846887
628,1195,1233,0.719001054006
629,1195,1235,0.116851397263
630,1195,1240,0.870504641771
631,1195,1242,0.0806564836469
632,1195,1243,0.176498598217
633,1195,1245,0.733729347396
634,1195,1246,0.0804654429001
635,1195,1257,0.0732991350485
636,1195,1266,0.146585637613
637,1195,1268,0.209496265925
638,1195,1274,0.138111580787
639,1195,1276,0.108921034438
640,1195,1277,0.195882454476
641,1195,1278,0.168047833127
642,1195,1291,0.938396792948
643,1195,1292,0.211734955284
644,1195,1297,0.88151076175
645,1195,1300,0.803560635988
646,1195,1305,0.220003434693
647,1195,1308,0.511879311278
648,1195,1309,0.952468082431
649,1195,1314,0.0685722716899
650,1195,1315,0.774879081744
651,1195,1321,0.208620286157
652,1195,1323,0.114371093904
653,1195,1329,0.13750012508
654,1195,1332,0.0899658067843
655,1195,1343,0.251198658121
656,1195,1344,0.255850388939
657,1195,1345,0.0876792460903
658,1195,1348,0.162765916957
659,1195,1355,0.906792942073
660,1195,1371,0.23379888852
661,1195,1374,0.102378060684
662,1195,1376,0.185354483484
663,1195,1388,0.0955220674075
664,1195,1407,0.66547187315
665,1195,1411,0.888843603434
666,1195,1413,0.946528029367
667,1195,1417,0.0920614384754
668,1195,1423,0.280461646934
669,1195,1425,0.270620685352
670,1195,1433,0.180838066278
671,1195,1435,0.173448674258
672,1195,1436,0.241733452137
673,1195,1437,0.0655827521835
674,1195,1438,0.07620623946
675,1195,1439,0.216542844413
676,1195,1448,0.152587084527
677,1195,1452,0.0800338083761
678,1195,1455,0.108563896309
679,1195,1457,0.512307383054
680,1195,1458,0.118800738019
681,1195,1462,0.169413763979
682,1196,1199,0.584214001547
683,1196,1211,0.462748126376
684,1196,1233,0.968356706139
685,1196,1235,0.612770256205
686,1196,1240,0.987714699515
687,1196,1242,0.512023111361
688,1196,1243,0.719364206008
689,1196,1245,0.970550580252
690,1196,1246,0.511378674089
691,1196,1257,0.486123653506
692,1196,1266,0.672590938455
693,1196,1268,0.760167475358
694,1196,1274,0.657122782298
695,1196,1276,0.593813404202
696,1196,1277,0.744469796842
697,1196,1278,0.70724396974
698,1196,1291,0.994541030496
699,1196,1292,0.762613777378
700,1196,1297,0.988886043505
701,1196,1300,0.979969419072
702,1196,1305,0.771344045073
703,1196,1308,0.926156043238
704,1196,1309,0.995844744854
705,1196,1314,0.46822588091
706,1196,1315,0.976284650372
707,1196,1321,0.759200315924
708,1196,1323,0.60699845934
709,1196,1329,0.655962327064
710,1196,1332,0.5417798196
711,1196,1343,0.800485698474
712,1196,1344,0.804382411991
713,1196,1345,0.534757839599
714,1196,1348,0.69925899423
715,1196,1355,0.991478907026
716,1196,1371,0.784921221034
717,1196,1374,0.577003842848
718,1196,1376,0.731270752436
719,1196,1388,0.55812644061
720,1196,1407,0.959663958508
721,1196,1411,0.989651850243
722,1196,1413,0.995298707132
723,1196,1417,0.548061604775
724,1196,1423,0.82337596258
725,1196,1425,0.816091271493
726,1196,1433,0.72529537461
727,1196,1435,0.715079205322
728,1196,1436,0.792220621991
729,1196,1437,0.456349413415
730,1196,1438,0.496629268213
731,1196,1439,0.767747260326
732,1196,1448,0.682895347623
733,1196,1452,0.509917348996
734,1196,1455,0.592924286141
735,1196,1457,0.926273131346
736,1196,1458,0.617210809332
737,1196,1462,0.709256260315
738,1199,1211,0.364076207457
739,1199,1233,0.953142032423
740,1199,1235,0.512632437092
741,1199,1240,0.98163114437
742,1199,1242,0.410879760156
743,1199,1243,0.630154260044
744,1199,1245,0.956343204866
745,1199,1246,0.410255598272
746,1199,1257,0.386048944839
747,1199,1266,0.577250272987
748,1199,1268,0.678124592791
749,1199,1274,0.560222980965
750,1199,1276,0.492830761433
751,1199,1277,0.659462590917
752,1199,1278,0.616236579466
753,1199,1291,0.991809774617
754,1199,1292,0.681056622482
755,1199,1297,0.983372761542
756,1199,1300,0.970166327064
757,1199,1305,0.691573230402
758,1199,1308,0.892894791745
759,1199,1309,0.993761677666
760,1199,1314,0.369188580619
761,1199,1315,0.964743089537
762,1199,1321,0.676967178016
763,1199,1323,0.506569950579
764,1199,1329,0.55895468679
765,1199,1332,0.440059265265
766,1199,1343,0.7272870253
767,1199,1344,0.732134983197
768,1199,1345,0.433109533818
769,1199,1348,0.607148168781
770,1199,1355,0.987235259556
771,1199,1371,0.70809452834
772,1199,1374,0.475533163361
773,1199,1376,0.643972492051
774,1199,1388,0.456393652344
775,1199,1407,0.940526353745
776,1199,1411,0.984512511053
777,1199,1413,0.992943845836
778,1199,1417,0.446310395626
779,1199,1423,0.756015673224
780,1199,1425,0.746807087012
781,1199,1433,0.637019498804
782,1199,1435,0.625216784773
783,1199,1436,0.717061423862
784,1199,1437,0.358132384545
785,1199,1438,0.396058709073
786,1199,1439,0.687230447553
787,1199,1448,0.588720465727
788,1199,1452,0.408841455077
789,1199,1455,0.491909733238
790,1199,1457,0.893058529668
791,1199,1458,0.517316772878
792,1199,1462,0.61853701962
793,1211,1233,0.97438103086
794,1211,1235,0.662927368625
795,1211,1240,0.990091314889
796,1211,1242,0.565987046752
797,1211,1243,0.761097353747
798,1211,1245,0.97616750957
799,1211,1246,0.565353379202
800,1211,1257,0.540380724485
801,1211,1266,0.718558412701
802,1211,1268,0.797540540289
803,1211,1274,0.704307203022
804,1211,1276,0.645003446812
805,1211,1277,0.783592644542
806,1211,1278,0.750153510192
807,1211,1291,0.995602957621
808,1211,1292,0.799706078335
809,1211,1297,0.991038116108
810,1211,1300,0.983819829143
811,1211,1305,0.807416700416
812,1211,1308,0.939714452329
813,1211,1309,0.996653915168
814,1211,1314,0.522516539056
815,1211,1315,0.980829514725
816,1211,1321,0.796683783284
817,1211,1323,0.657485296706
818,1211,1329,0.703234321741
819,1211,1332,0.595055573936
820,1211,1343,0.832956594342
821,1211,1344,0.836348772391
822,1211,1345,0.588229508477
823,1211,1348,0.742913466936
824,1211,1355,0.993132392254
825,1211,1371,0.819353580714
826,1211,1374,0.628988736314
827,1211,1376,0.771794980803
828,1211,1388,0.610866709713
829,1211,1407,0.96728732219
830,1211,1411,0.991656885459
831,1211,1413,0.996213805394
832,1211,1417,0.60114468545
833,1211,1423,0.852806498965
834,1211,1425,0.84650936401
835,1211,1433,0.766432881558
836,1211,1435,0.757234528571
837,1211,1436,0.825743836067
838,1211,1437,0.510585201106
839,1211,1438,0.550802083044
840,1211,1439,0.804243337434
841,1211,1448,0.728001164882
842,1211,1452,0.563915821708
843,1211,1455,0.644159233923
844,1211,1457,0.939811439145
845,1211,1458,0.667105216926
846,1211,1462,0.751974292025
847,1233,1235,0.0203615285297
848,1233,1240,0.513617177498
849,1233,1242,0.0135944423912
850,1233,1243,0.0325716782791
851,1233,1245,0.302099748496
852,1233,1246,0.0135599001284
853,1233,1257,0.0122727179244
854,1233,1266,0.0262732027029
855,1233,1268,0.0399671230996
856,1233,1274,0.0245542455735
857,1233,1276,0.0188399541484
858,1233,1277,0.0368562815481
859,1233,1278,0.0307547816654
860,1233,1291,0.70526834762
861,1233,1292,0.040486998218
862,1233,1297,0.538888597506
863,1233,1300,0.391205677765
864,1233,1305,0.0424280066029
865,1233,1308,0.141435298729
866,1233,1309,0.758909342295
867,1233,1314,0.0114327319881
868,1233,1315,0.350947594907
869,1233,1321,0.0397643484824
870,1233,1323,0.0198832208987
871,1233,1329,0.0244312865727
872,1233,1332,0.0152922554231
873,1233,1343,0.0500600495547
874,1233,1344,0.051241957757
875,1233,1345,0.0148725721557
876,1233,1348,0.0296344161816
877,1233,1355,0.60447464116
878,1233,1371,0.0457414719337
879,1233,1374,0.0176013356355
880,1233,1376,0.0345085934391
881,1233,1388,0.0163194028978
882,1233,1407,0.238091673142
883,1233,1411,0.556763541947
884,1233,1413,0.735497630463
885,1233,1417,0.0156784352291
886,1233,1423,0.0576971621335
887,1233,1425,0.0550743771277
888,1233,1433,0.0335165221361
889,1233,1435,0.0319124547596
890,1233,1436,0.047691077234
891,1233,1437,0.0109051378316
892,1233,1438,0.0127928765309
893,1233,1439,0.0416116129087
894,1233,1448,0.0275076390044
895,1233,1452,0.0134818997967
896,1233,1455,0.0187719580435
897,1233,1457,0.141643473628
898,1233,1458,0.0207390038501
899,1233,1462,0.0310464079688
900,1235,1240,0.97957525665
901,1235,1242,0.384967377012
902,1235,1243,0.604605366129
903,1235,1245,0.951596587632
904,1235,1246,0.384356896768
905,1235,1257,0.360743621228
906,1235,1266,0.550652782697
907,1235,1268,0.654070347173
908,1235,1274,0.533420104997
909,1235,1276,0.465836825851
910,1235,1277,0.634764852646
911,1235,1278,0.590351258481
912,1235,1291,0.990882523198
913,1235,1292,0.657110697835
914,1235,1297,0.981508127922
915,1235,1300,0.96687057485
916,1235,1305,0.668032017867
917,1235,1308,0.882100156447
918,1235,1309,0.993053862114
919,1235,1314,0.344368539306
920,1235,1315,0.960872390075
921,1235,1321,0.652870713655
922,1235,1323,0.479535011214
923,1235,1329,0.532139066948
924,1235,1332,0.41359860865
925,1235,1343,0.705310175746
926,1235,1344,0.710393242831
927,1235,1345,0.40676319412
928,1235,1348,0.581066573028
929,1235,1355,0.985797523395
930,1235,1371,0.685240399045
931,1235,1374,0.448648550572
932,1235,1376,0.618800716688
933,1235,1388,0.429704550607
934,1235,1407,0.934178398286
935,1235,1411,0.982773453675
936,1235,1413,0.992143970615
937,1235,1417,0.419755635074
938,1235,1423,0.73551202275
939,1235,1425,0.725810238236
940,1235,1433,0.611652587061
941,1235,1435,0.599543563582
942,1235,1436,0.694606554853
943,1235,1437,0.333662477497
944,1235,1438,0.370493199766
945,1235,1439,0.663519039578
946,1235,1448,0.562297431709
947,1235,1452,0.382974053353
948,1235,1455,0.464920000151
949,1235,1457,0.882278221033
950,1235,1458,0.490278169896
951,1235,1462,0.592704309674
952,1240,1242,0.00372551273767
953,1240,1243,0.00905259516994
954,1240,1245,0.105106487753
955,1240,1246,0.00371595207716
956,1240,1257,0.00336003002959
957,1240,1266,0.00726790285281
958,1240,1268,0.0111696540833
959,1240,1274,0.00678372842751
960,1240,1276,0.00518303717761
961,1240,1277,0.0102762712303
962,1240,1278,0.00853605222067
963,1240,1291,0.393673026329
964,1240,1292,0.011319360713
965,1240,1297,0.240755384414
966,1240,1300,0.148469113825
967,1240,1305,0.0118793404043
968,1240,1308,0.0427853675611
969,1240,1309,0.46065588122
970,1240,1314,0.00312812640467
971,1240,1315,0.127940946061
972,1240,1321,0.0111112934473
973,1240,1323,0.00547426847761
974,1240,1329,0.00674914219407
975,1240,1332,0.00419603590727
976,1240,1343,0.0140971205323
977,1240,1344,0.0144428602099
978,1240,1345,0.00407961753656
979,1240,1348,0.00821822955036
980,1240,1355,0.293122457322
981,1240,1371,0.0128390592958
982,1240,1374,0.00483785518338
983,1240,1376,0.00960480441508
984,1240,1388,0.00448126629172
985,1240,1407,0.0781622630533
986,1240,1411,0.254192710704
987,1240,1413,0.430033448152
988,1240,1417,0.00430322419013
989,1240,1423,0.0163421492147
990,1240,1425,0.0155682125631
991,1240,1433,0.00932176798278
992,1240,1435,0.00886501633719
993,1240,1436,0.0134059905323
994,1240,1437,0.00298261432968
995,1240,1438,0.00350377927395
996,1240,1439,0.0116436122955
997,1240,1448,0.00761636706035
998,1240,1452,0.00369436481371
999,1240,1455,0.00516407142733
1000,1240,1457,0.0428555899454
1001,1240,1458,0.00571349871558
1002,1240,1462,0.00861886717761
1003,1242,1243,0.707282305853
1004,1242,1245,0.968813913478
1005,1242,1246,0.496608488818
1006,1242,1257,0.471379208276
1007,1242,1266,0.659448647936
1008,1242,1268,0.749229862573
1009,1242,1274,0.643688521333
1010,1242,1276,0.579485986846
1011,1242,1277,0.733067674524
1012,1242,1278,0.69486160617
1013,1242,1291,0.994210669723
1014,1242,1292,0.751751295098
1015,1242,1297,0.98821751393
1016,1242,1300,0.978776045919
1017,1242,1305,0.7607557233
1018,1242,1308,0.922011746922
1019,1242,1309,0.995592931425
1020,1242,1314,0.453545168604
1021,1242,1315,0.974877375576
1022,1242,1321,0.748233203998
1023,1242,1323,0.592817211621
1024,1242,1329,0.642507334038
1025,1242,1332,0.527078744344
1026,1242,1343,0.79088098197
1027,1242,1344,0.794917225098
1028,1242,1345,0.52003106177
1029,1242,1348,0.686688515484
1030,1242,1355,0.990964919037
1031,1242,1371,0.774778038285
1032,1242,1374,0.562520326033
1033,1242,1376,0.719501576045
1034,1242,1388,0.543507924784
1035,1242,1407,0.957313531013
1036,1242,1411,0.989028874607
1037,1242,1413,0.995013968843
1038,1242,1417,0.533388491628
1039,1242,1423,0.814617997784
1040,1242,1425,0.807056736695
1041,1242,1433,0.71336707824
1042,1242,1435,0.702889020435
1043,1242,1436,0.78232621633
1044,1242,1437,0.441731753085
1045,1242,1438,0.481864973517
1046,1242,1439,0.75704484408
1047,1242,1448,0.669963717223
1048,1242,1452,0.495146600065
1049,1242,1455,0.578587763533
1050,1242,1457,0.922134853822
1051,1242,1458,0.60315714651
1052,1242,1462,0.696922535165
1053,1243,1245,0.923128478371
1054,1243,1246,0.276071285725
1055,1243,1257,0.256340617878
1056,1243,1266,0.42809460248
1057,1243,1268,0.535948251272
1058,1243,1274,0.411187640504
1059,1243,1276,0.347555008156
1060,1243,1277,0.514939376852
1061,1243,1278,0.468163059679
1062,1243,1291,0.985159811739
1063,1243,1292,0.539295519951
1064,1243,1297,0.970079120034
1065,1243,1300,0.94688432454
1066,1243,1305,0.551407610564
1067,1243,1308,0.820469582946
1068,1243,1309,0.988678450017
1069,1243,1314,0.242903891406
1070,1243,1315,0.937501471971
1071,1243,1321,0.534630438513
1072,1243,1323,0.360119931239
1073,1243,1329,0.409942235956
1074,1243,1332,0.301103942892
1075,1243,1343,0.593819166704
1076,1243,1344,0.599733965168
1077,1243,1345,0.295191797681
1078,1243,1348,0.45864851159
1079,1243,1355,0.97695736213
1080,1243,1371,0.570777152084
1081,1243,1374,0.332018334073
1082,1243,1376,0.497880775373
1083,1243,1388,0.315183780145
1084,1243,1407,0.896579281766
1085,1243,1411,0.972104260998
1086,1243,1413,0.98720279861
1087,1243,1417,0.306461514998
1088,1243,1423,0.629444197453
1089,1243,1425,0.617873075049
1090,1243,1433,0.490332751256
1091,1243,1435,0.477671290129
1092,1243,1436,0.58146900351
1093,1243,1437,0.234225335323
1094,1243,1438,0.264435765756
1095,1243,1439,0.546385746887
1096,1243,1448,0.439683513358
1097,1243,1452,0.274904068719
1098,1243,1455,0.346719872087
1099,1243,1457,0.820721810646
1100,1243,1458,0.370090134329
1101,1243,1462,0.470588561087
1102,1245,1246,0.0122429403739
1103,1245,1257,0.0110793673108
1104,1245,1266,0.023751235794
1105,1245,1268,0.0361795161008
1106,1245,1274,0.0221935207
1107,1245,1276,0.0170190343414
1108,1245,1277,0.0333532408229
1109,1245,1278,0.0278149160966
1110,1245,1291,0.683307014065
1111,1245,1292,0.0366520045894
1112,1245,1297,0.513088904662
1113,1245,1300,0.366851317448
1114,1245,1305,0.0384165186516
1115,1245,1308,0.129327123493
1116,1245,1309,0.739468454919
1117,1245,1314,0.010320204893
1118,1245,1315,0.327750221771
1119,1245,1321,0.0359952375412
1120,1245,1323,0.017963313333
1121,1245,1329,0.0220821157579
1122,1245,1332,0.0138094018384
1123,1245,1343,0.0453611490396
1124,1245,1344,0.0464375403757
1125,1245,1345,0.0134298592329
1126,1245,1348,0.026798685823
1127,1245,1355,0.579480997
1128,1245,1371,0.0414302565258
1129,1245,1374,0.0158981910242
1130,1245,1376,0.0312214576935
1131,1245,1388,0.0147384400151
1132,1245,1407,0.219827469875
1133,1245,1411,0.531093729246
1134,1245,1413,0.714878153585
1135,1245,1417,0.0141586731412
1136,1245,1423,0.0523208851845
1137,1245,1425,0.0499295441846
1138,1245,1433,0.0303209189589
1139,1245,1435,0.0288652222748
1140,1245,1436,0.0432044275694
1141,1245,1437,0.00984344007836
1142,1245,1438,0.0115495391618
1143,1245,1439,0.0376742765719
1144,1245,1448,0.0248702049289
1145,1245,1452,0.0121724220824
1146,1245,1455,0.0169574966141
1147,1245,1457,0.129520165209
1148,1245,1458,0.0187380423873
1149,1245,1462,0.028079473291
1150,1246,1257,0.479279319947
1151,1246,1266,0.66652648102
1152,1246,1268,0.755134598587
1153,1246,1274,0.650920515586
1154,1246,1276,0.587185371181
1155,1246,1277,0.739220512497
1156,1246,1278,0.701536547551
1157,1246,1291,0.994390178402
1158,1246,1292,0.757615867503
1159,1246,1297,0.988580716881
1160,1246,1300,0.979424228625
1161,1246,1305,0.766473656656
1162,1246,1308,0.92425936933
1163,1246,1309,0.995729764661
1164,1246,1314,0.461407276661
1165,1246,1315,0.975641661114
1166,1246,1321,0.754153707228
1167,1246,1323,0.600440808298
1168,1246,1329,0.6497502575
1169,1246,1332,0.534967647997
1170,1246,1343,0.7960719235
1171,1246,1344,0.800033307755
1172,1246,1345,0.527932235521
1173,1246,1348,0.69346337261
1174,1246,1355,0.99124418178
1175,1246,1371,0.780257640926
1176,1246,1374,0.57030000279
1177,1246,1376,0.725850172303
1178,1246,1388,0.551356045646
1179,1246,1407,0.958589450222
1180,1246,1411,0.989367335929
1181,1246,1413,0.995168690815
1182,1246,1417,0.541263747719
1183,1246,1423,0.819354302178
1184,1246,1425,0.811941625988
1185,1246,1433,0.719800447537
1186,1246,1435,0.709461783951
1187,1246,1436,0.787672501367
1188,1246,1437,0.44955754905
1189,1246,1438,0.489777998248
1190,1246,1439,0.762823817052
1191,1246,1448,0.676930075333
1192,1246,1452,0.503065968042
1193,1246,1455,0.586291852692
1194,1246,1457,0.924379219279
1195,1246,1458,0.610714277254
1196,1246,1462,0.703571625932
1197,1257,1266,0.695577738762
1198,1257,1268,0.779025753987
1199,1257,1274,0.680679987522
1200,1257,1276,0.619199647721
1201,1257,1277,0.764179485714
1202,1257,1278,0.728778916539
1203,1257,1291,0.995089326259
1204,1257,1292,0.781335032451
1205,1257,1297,0.989996609966
1206,1257,1300,0.981954723733
1207,1257,1305,0.789566779127
1208,1257,1308,0.933110935263
1209,1257,1309,0.996262588374
1210,1257,1314,0.49478320412
1211,1257,1315,0.978627200904
1212,1257,1321,0.778112445201
1213,1257,1323,0.632071236089
1214,1257,1329,0.679560381944
1215,1257,1332,0.568052529068
1216,1257,1343,0.816937173562
1217,1257,1344,0.820584590415
1218,1257,1345,0.561107007816
1219,1257,1348,0.721149724165
1220,1257,1355,0.992332389534
1221,1257,1371,0.802339198573
1222,1257,1374,0.602737826652
1223,1257,1376,0.751658906058
1224,1257,1388,0.5841812426
1225,1257,1407,0.963587031377
1226,1257,1411,0.990686613868
1227,1257,1413,0.995771225867
1228,1257,1417,0.574257172869
1229,1257,1423,0.838321185704
1230,1257,1425,0.83152677256
1231,1257,1433,0.745979395008
1232,1257,1435,0.736252732976
1233,1257,1436,0.809191164565
1234,1257,1437,0.482844755631
1235,1257,1438,0.523212528812
1236,1257,1439,0.786177179586
1237,1257,1448,0.705475491141
1238,1257,1452,0.536453862262
1239,1257,1455,0.618330382041
1240,1257,1457,0.933217790767
1241,1257,1458,0.642016303056
1242,1257,1462,0.730699547611
1243,1266,1268,0.603439661239
1244,1266,1274,0.479191627476
1245,1266,1276,0.412406086981
1246,1266,1277,0.583109552509
1247,1266,1278,0.536996266329
1248,1266,1291,0.988696122952
1249,1266,1292,0.606657395099
1250,1266,1297,0.977125612562
1251,1266,1300,0.959163339153
1252,1266,1305,0.61825212203
1253,1266,1308,0.857576881745
1254,1266,1309,0.991383628145
1255,1266,1314,0.297120426715
1256,1266,1315,0.951839242705
1257,1266,1321,0.602171241766
1258,1266,1323,0.425785495842
1259,1266,1329,0.477907427664
1260,1266,1332,0.362097903896
1261,1266,1343,0.658260654737
1262,1266,1344,0.663768394762
1263,1266,1345,0.355597491144
1264,1266,1348,0.52747023235
1265,1266,1355,0.982413366305
1266,1266,1371,0.636637375539
1267,1266,1374,0.395728739873
1268,1266,1376,0.566429782056
1269,1266,1388,0.377489368157
1270,1266,1407,0.919498879473
1271,1266,1411,0.978684303985
1272,1266,1413,0.990257095176
1273,1266,1417,0.367969351188
1274,1266,1423,0.69117311972
1275,1266,1425,0.680551308786
1276,1266,1433,0.558999481608
1277,1266,1435,0.546466042936
1278,1266,1436,0.646704128281
1279,1266,1437,0.287239720012
1280,1266,1438,0.321417930058
1281,1266,1439,0.613453989024
1282,1266,1448,0.508331656442
1283,1266,1452,0.333120416378
1284,1266,1455,0.411513406822
1285,1266,1457,0.857786012649
1286,1266,1458,0.436334006203
1287,1266,1462,0.539416685224
1288,1268,1274,0.312136726593
1289,1268,1276,0.257138503831
1290,1268,1277,0.408223172155
1291,1268,1278,0.363868872787
1292,1268,1291,0.977343116732
1293,1268,1292,0.432027448296
1294,1268,1297,0.954684431727
1295,1268,1300,0.920533217139
1296,1268,1305,0.444052461153
1297,1268,1308,0.748088098875
1298,1268,1309,0.98268253013
1299,1268,1314,0.172513797205
1300,1268,1315,0.906952879095
1301,1268,1321,0.427429386136
1302,1268,1323,0.267776225887
1303,1268,1329,0.311032853237
1304,1268,1332,0.218720659746
1305,1268,1343,0.487174191574
1306,1268,1344,0.493316869145
1307,1268,1345,0.213930961004
1308,1268,1348,0.355058857222
1309,1268,1355,0.964973841355
1310,1268,1371,0.463547725384
1311,1268,1374,0.244131315525
1312,1268,1376,0.391843954573
1313,1268,1388,0.230217147842
1314,1268,1407,0.849244849855
1315,1268,1411,0.957706106627
1316,1268,1413,0.980440830912
1317,1268,1417,0.223080263105
1318,1268,1423,0.524665534481
1319,1268,1425,0.512357325702
1320,1268,1433,0.384671941625
1321,1268,1435,0.372743472102
1322,1268,1436,0.474451231822
1323,1268,1437,0.165799410735
1324,1268,1438,0.189366712131
1325,1268,1439,0.439051392379
1326,1268,1448,0.337705195972
1327,1268,1452,0.197661813956
1328,1268,1455,0.256435236966
1329,1268,1457,0.748410834952
1330,1268,1458,0.276293738442
1331,1268,1462,0.366126014887
1332,1274,1276,0.421950286069
1333,1274,1277,0.592619960208
1334,1274,1278,0.546740933244
1335,1274,1291,0.989126530811
1336,1274,1292,0.615984387229
1337,1274,1297,0.97798677161
1338,1274,1300,0.960673513039
1339,1274,1305,0.627473006812
1340,1274,1308,0.862304496253
1341,1274,1309,0.991712563962
1342,1274,1314,0.305383222356
1343,1274,1315,0.953607167268
1344,1274,1321,0.611536493794
1345,1274,1323,0.43540988916
1346,1274,1329,0.487709309813
1347,1274,1332,0.371213362999
1348,1274,1343,0.667035610156
1349,1274,1344,0.672472293825
1350,1274,1345,0.364642850846
1351,1274,1348,0.537242616812
1352,1274,1355,0.983078903007
1353,1274,1371,0.645668688575
1354,1274,1374,0.405153103295
1355,1274,1376,0.576044046227
1356,1274,1388,0.386757373849
1357,1274,1407,0.92235714095
1358,1274,1411,0.979488014334
1359,1274,1413,0.99062863062
1360,1274,1417,0.37714523011
1361,1274,1423,0.69948878047
1362,1274,1425,0.68902429628
1363,1274,1433,0.568653038946
1364,1274,1435,0.556176128797
1365,1274,1436,0.655620579878
1366,1274,1437,0.295343196508
1367,1274,1438,0.330039150639
1368,1274,1439,0.622720045825
1369,1274,1448,0.518138264749
1370,1274,1452,0.341897376106
1371,1274,1455,0.4210517505
1372,1274,1457,0.862507798208
1373,1274,1458,0.446011634516
1374,1274,1462,0.549153179652
1375,1276,1277,0.672535018191
1376,1276,1278,0.630037448835
1377,1276,1291,0.992273652661
1378,1276,1292,0.693685143364
1379,1276,1297,0.984306934248
1380,1276,1300,0.971821218872
1381,1276,1305,0.70396634503
1382,1276,1308,0.898387045256
1383,1276,1309,0.994115659708
1384,1276,1314,0.382978128383
1385,1276,1315,0.966688482324
1386,1276,1321,0.689683842336
1387,1276,1323,0.521250718218
1388,1276,1329,0.573389441467
1389,1276,1332,0.454588302041
1390,1276,1343,0.738787125479
1391,1276,1344,0.743502748035
1392,1276,1345,0.447592532457
1393,1276,1348,0.621074902312
1394,1276,1355,0.987955082512
1395,1276,1371,0.720092477413
1396,1276,1374,0.490208057663
1397,1276,1376,0.65733056735
1398,1276,1388,0.471008342875
1399,1276,1407,0.943730031645
1400,1276,1411,0.985383600684
1401,1276,1413,0.993343923406
1402,1276,1417,0.460875946574
1403,1276,1423,0.766692935099
1404,1276,1425,0.757758211123
1405,1276,1433,0.650496864348
1406,1276,1435,0.638883955475
1407,1276,1436,0.728831955363
1408,1276,1437,0.37175233976
1409,1276,1438,0.410199252233
1410,1276,1439,0.699722295384
1411,1276,1448,0.602873174277
1412,1276,1452,0.423118641678
1413,1276,1455,0.506601842339
1414,1276,1457,0.8985433409
1415,1276,1458,0.53197321225
1416,1276,1462,0.632304522957
1417,1277,1278,0.409839790524
1418,1277,1291,0.981263315937
1419,1277,1292,0.480110368938
1420,1277,1297,0.962374209913
1421,1277,1300,0.933615272565
1422,1277,1305,0.492313659763
1423,1277,1308,0.782862242112
1424,1277,1309,0.98569240372
1425,1277,1314,0.201985351577
1426,1277,1315,0.922081334036
1427,1277,1321,0.475428924547
1428,1277,1323,0.307474889333
1429,1277,1329,0.354043677138
1430,1277,1332,0.253666161759
1431,1277,1343,0.535606861548
1432,1277,1344,0.541715137455
1433,1277,1345,0.248354464429
1434,1277,1348,0.400617692638
1435,1277,1355,0.970970661502
1436,1277,1371,0.511976505392
1437,1277,1374,0.281673022234
1438,1277,1376,0.438910631276
1439,1277,1388,0.26637321562
1440,1277,1407,0.872436321127
1441,1277,1411,0.964901975947
1442,1277,1413,0.983833914797
1443,1277,1417,0.25849185245
1444,1277,1423,0.572663305184
1445,1277,1425,0.560556974127
1446,1277,1433,0.431488362885
1447,1277,1435,0.419096922534
1448,1277,1436,0.522908770924
1449,1277,1437,0.194393374078
1450,1277,1438,0.220948600544
1451,1277,1439,0.487245422906
1452,1277,1448,0.3823574411
1453,1277,1452,0.230234211439
1454,1277,1455,0.295130243341
1455,1277,1457,0.783153341249
1456,1277,1458,0.316708973047
1457,1277,1462,0.41219731794
1458,1278,1291,0.983820547652
1459,1278,1292,0.517428784813
1460,1278,1297,0.967423890355
1461,1278,1300,0.942293193519
1462,1278,1305,0.529614332754
1463,1278,1308,0.807176748169
1464,1278,1309,0.987652748285
1465,1278,1314,0.227130081773
1466,1278,1315,0.932157428554
1467,1278,1321,0.512742337861
1468,1278,1323,0.340154194624
1469,1278,1329,0.388893034816
1470,1278,1332,0.28296326263
1471,1278,1343,0.572488846253
1472,1278,1344,0.578493777254
1473,1278,1345,0.277265999991
1474,1278,1348,0.436950378007
1475,1278,1355,0.97489672401
1476,1278,1371,0.54915548953
1477,1278,1374,0.312848866427
1478,1278,1376,0.475958440553
1479,1278,1388,0.296554766094
1480,1278,1407,0.888153571133
1481,1278,1411,0.96962311822
1482,1278,1413,0.98604529383
1483,1278,1417,0.288131126618
1484,1278,1423,0.60875207698
1485,1278,1425,0.596948556699
1486,1278,1433,0.468432713307
1487,1278,1435,0.45583098678
1488,1278,1436,0.559970715967
1489,1278,1437,0.218852187286
1490,1278,1438,0.247721214235
1491,1278,1439,0.52455885782
1492,1278,1448,0.418189503057
1493,1278,1452,0.257759703278
1494,1278,1455,0.32711726487
1495,1278,1457,0.807443268402
1496,1278,1458,0.349873872826
1497,1278,1462,0.448793848782
1498,1291,1292,0.00380883834385
1499,1291,1297,0.095755584105
1500,1291,1300,0.0550226013447
1501,1291,1305,0.00399876801381
1502,1291,1308,0.0147073746934
1503,1291,1309,0.221928933018
1504,1291,1314,0.00104682496017
1505,1291,1315,0.0467061879449
1506,1291,1321,0.00373830403474
1507,1291,1323,0.00183483267427
1508,1291,1329,0.0022640667624
1509,1291,1332,0.0014052015849
1510,1291,1343,0.00475238274893
1511,1291,1344,0.00487006966988
1512,1291,1345,0.00136610825789
1513,1291,1348,0.00275959911605
1514,1291,1355,0.121636317952
1515,1291,1371,0.00432461051847
1516,1291,1374,0.00162083390394
1517,1291,1376,0.00322819478763
1518,1291,1388,0.00150100774106
1519,1291,1407,0.0275359573733
1520,1291,1411,0.102189259378
1521,1291,1413,0.201254380503
1522,1291,1417,0.00144120082147
1523,1291,1423,0.00551754925774
1524,1291,1425,0.00525350954687
1525,1291,1433,0.0031324713301
1526,1291,1435,0.00297807362526
1527,1291,1436,0.00451729175664
1528,1291,1437,0.000998032533187
1529,1291,1438,0.00117283094604
1530,1291,1439,0.00391879813741
1531,1291,1448,0.00255646927349
1532,1291,1452,0.00123678360065
1533,1291,1455,0.00173050383506
1534,1291,1457,0.0147322227411
1535,1291,1458,0.0019153227414
1536,1291,1462,0.00289490595559
1537,1292,1297,0.961256860789
1538,1292,1300,0.931704494799
1539,1292,1305,0.484711403111
1540,1292,1308,0.777645721259
1541,1292,1309,0.985256911922
1542,1292,1314,0.197125560312
1543,1292,1315,0.919867064985
1544,1292,1321,0.467847128109
1545,1292,1323,0.301034449388
1546,1292,1329,0.347116720022
1547,1292,1332,0.247949272457
1548,1292,1343,0.528031395576
1549,1292,1344,0.534152649236
1550,1292,1345,0.242718353762
1551,1292,1348,0.39333436869
1552,1292,1355,0.970100664505
1553,1292,1371,0.504372266694
1554,1292,1374,0.275557986601
1555,1292,1376,0.431432235537
1556,1292,1388,0.260469892946
1557,1292,1407,0.869011669057
1558,1292,1411,0.963856873107
1559,1292,1413,0.983342810627
1560,1292,1417,0.252703030533
1561,1292,1423,0.565201611949
1562,1292,1425,0.553048876641
1563,1292,1433,0.424040856674
1564,1292,1435,0.411708406436
1565,1292,1436,0.515313612115
1566,1292,1437,0.189672830972
1567,1292,1438,0.215755907864
1568,1292,1439,0.479647488628
1569,1292,1448,0.375198284384
1570,1292,1452,0.224886285449
1571,1292,1455,0.288840530431
1572,1292,1457,0.777941830103
1573,1292,1458,0.310161740677
1574,1292,1462,0.404845667126
1575,1297,1300,0.132409662148
1576,1297,1305,0.0104137051968
1577,1297,1308,0.0376519412559
1578,1297,1309,0.427792675721
1579,1297,1314,0.00273919506956
1580,1297,1315,0.113805202969
1581,1297,1321,0.00973948342782
1582,1297,1323,0.0047950358861
1583,1297,1329,0.00591266711266
1584,1297,1332,0.0036748169615
1585,1297,1343,0.0123612856624
1586,1297,1344,0.0126649999177
1587,1297,1345,0.00357280784568
1588,1297,1348,0.00720099877898
1589,1297,1355,0.266309681893
1590,1297,1371,0.0112563658829
1591,1297,1374,0.00423725061737
1592,1297,1376,0.00841740368621
1593,1297,1388,0.00392475652831
1594,1297,1407,0.0690906523184
1595,1297,1411,0.229783380193
1596,1297,1413,0.397743792677
1597,1297,1417,0.00376874102936
1598,1297,1423,0.0143338940886
1599,1297,1425,0.0136537448674
1600,1297,1433,0.00816906922022
1601,1297,1435,0.00776835507273
1602,1297,1436,0.0117542426574
1603,1297,1437,0.00261172764042
1604,1297,1438,0.003068285409
1605,1297,1439,0.0102067600559
1606,1297,1448,0.00667313199272
1607,1297,1452,0.00323525948242
1608,1297,1455,0.00452315220894
1609,1297,1457,0.0377140702532
1610,1297,1458,0.00500473244939
1611,1297,1462,0.00755242416489
1612,1300,1305,0.0241409410817
1613,1300,1308,0.0842282772626
1614,1300,1309,0.637352722166
1615,1300,1314,0.00641555871615
1616,1300,1315,0.231885821386
1617,1300,1321,0.0225982629221
1618,1300,1323,0.0111996239874
1619,1300,1329,0.0137893585459
1620,1300,1332,0.0085960854695
1621,1300,1343,0.0285816522166
1622,1300,1344,0.0292720857081
1623,1300,1345,0.00835861310895
1624,1300,1348,0.0167650253762
1625,1300,1355,0.460415035865
1626,1300,1371,0.0260651306874
1627,1300,1374,0.00990423575538
1628,1300,1376,0.0195651636622
1629,1300,1388,0.00917765771217
1630,1300,1407,0.148554044315
1631,1300,1411,0.412223885649
1632,1300,1413,0.608230524596
1633,1300,1417,0.00881467864731
1634,1300,1423,0.0330560649524
1635,1300,1425,0.0315159460839
1636,1300,1433,0.0189942423746
1637,1300,1435,0.0180722006869
1638,1300,1436,0.0271999904042
1639,1300,1437,0.00611806260704
1640,1300,1438,0.00718315061652
1641,1300,1439,0.0236677273785
1642,1300,1448,0.0155470497518
1643,1300,1452,0.00757235206507
1644,1300,1455,0.0105684496888
1645,1300,1457,0.0843605240902
1646,1300,1458,0.0116861171871
1647,1300,1462,0.0175749348281
1648,1305,1308,0.765297670639
1649,1305,1309,0.984203990164
1650,1305,1314,0.186273286856
1651,1305,1315,0.914549159388
1652,1305,1321,0.45045277833
1653,1305,1323,0.286503046795
1654,1305,1329,0.331415586912
1655,1305,1332,0.235118397641
1656,1305,1343,0.510546192892
1657,1305,1344,0.516686651849
1658,1305,1345,0.230075356231
1659,1305,1348,0.376749040646
1660,1305,1355,0.968000469491
1661,1305,1371,0.486862341063
1662,1305,1374,0.261795758441
1663,1305,1376,0.414337628268
1664,1305,1388,0.247204075851
1665,1305,1407,0.860829428704
1666,1305,1411,0.961335580457
1667,1305,1413,0.982155663441
1668,1305,1417,0.239704566197
1669,1305,1423,0.547914469384
1670,1305,1425,0.5356754961
1671,1305,1433,0.407029457446
1672,1305,1435,0.394852576625
1673,1305,1436,0.497805355386
1674,1305,1437,0.179139304228
1675,1305,1438,0.204138766838
1676,1305,1439,0.462195462625
1677,1305,1448,0.358925242773
1678,1305,1452,0.212910995681
1679,1305,1455,0.274666442624
1680,1305,1457,0.765605266918
1681,1305,1458,0.295375937879
1682,1305,1462,0.388085455974
1683,1308,1309,0.915584718507
1684,1308,1314,0.0383214276825
1685,1308,1315,0.650725241415
1686,1308,1321,0.124869610036
1687,1308,1323,0.0653331640953
1688,1308,1329,0.0794348279338
1689,1308,1332,0.0507918013579
1690,1308,1343,0.153674106311
1691,1308,1344,0.156898274402
1692,1308,1345,0.0494467844271
1693,1308,1348,0.0952088421647
1694,1308,1355,0.840405726227
1695,1308,1371,0.141750777528
1696,1308,1374,0.0581446821107
1697,1308,1376,0.109649756643
1698,1308,1388,0.0540724419032
1699,1308,1407,0.518475259685
1700,1308,1411,0.812317931337
1701,1308,1413,0.905492711527
1702,1308,1417,0.0520270959964
1703,1308,1423,0.174219420152
1704,1308,1425,0.167239875349
1705,1308,1433,0.106736300043
1706,1308,1435,0.101997825427
1707,1308,1436,0.147161446721
1708,1308,1437,0.036598921391
1709,1308,1438,0.0427421919603
1710,1308,1439,0.130134659256
1711,1308,1448,0.0888066717261
1712,1308,1452,0.0449708018855
1713,1308,1455,0.0618420038342
1714,1308,1457,0.362483493214
1715,1308,1458,0.0680093954947
1716,1308,1462,0.0994251268525
1717,1309,1314,0.000719778070409
1718,1309,1315,0.0325795653914
1719,1309,1321,0.00257255625986
1720,1309,1323,0.00126190903575
1721,1309,1329,0.00155732455812
1722,1309,1332,0.000966299714441
1723,1309,1343,0.00327144441938
1724,1309,1344,0.00335258126018
1725,1309,1345,0.000939405344085
1726,1309,1348,0.00189846780289
1727,1309,1355,0.0869127614672
1728,1309,1371,0.00297657596539
1729,1309,1374,0.00111465642829
1730,1309,1376,0.00222116415384
1731,1309,1388,0.00103221262504
1732,1309,1407,0.019091390303
1733,1309,1411,0.072558665106
1734,1309,1413,0.147622110379
1735,1309,1417,0.000991066077785
1736,1309,1423,0.00379907979226
1737,1309,1425,0.0036169775271
1738,1309,1433,0.00215523692311
1739,1309,1435,0.00204890753796
1740,1309,1436,0.00310938364419
1741,1309,1437,0.000686218801157
1742,1309,1438,0.000806449307065
1743,1309,1439,0.00269691768652
1744,1309,1448,0.00175861272973
1745,1309,1452,0.000850440748725
1746,1309,1455,0.00119011787257
1747,1309,1457,0.0101731537179
1748,1309,1458,0.00131729937347
1749,1309,1462,0.00199163654558
1750,1314,1315,0.980071103351
1751,1314,1321,0.79019859752
1752,1314,1323,0.64851893964
1753,1314,1329,0.694909857522
1754,1314,1332,0.585485274019
1755,1314,1343,0.827377710757
1756,1314,1344,0.830860175229
1757,1314,1345,0.57861212578
1758,1314,1348,0.735283054181
1759,1314,1355,0.992857155518
1760,1314,1371,0.813422149505
1761,1314,1374,0.619707875565
1762,1314,1376,0.764750337374
1763,1314,1388,0.601419789511
1764,1314,1407,0.96601172768
1765,1314,1411,0.991323030718
1766,1314,1413,0.996061574336
1767,1314,1417,0.591619530873
1768,1314,1423,0.847769399599
1769,1314,1425,0.841296873146
1770,1314,1433,0.759274339647
1771,1314,1435,0.749886068333
1772,1314,1436,0.819976124912
1773,1314,1437,0.500693673941
1774,1314,1438,0.540992664695
1775,1314,1439,0.797938122247
1776,1314,1448,0.720094907829
1777,1314,1452,0.554160975746
1778,1314,1455,0.635037669398
1779,1314,1457,0.937533642408
1780,1314,1458,0.658259796764
1781,1314,1462,0.744520326097
1782,1315,1321,0.0276124475131
1783,1315,1323,0.0137201400928
1784,1315,1329,0.0168827526203
1785,1315,1332,0.0105369096455
1786,1315,1343,0.0348760803542
1787,1315,1344,0.0357129753938
1788,1315,1345,0.0102463749137
1789,1315,1348,0.020512072652
1790,1315,1355,0.511714111683
1791,1315,1371,0.0318235105297
1792,1315,1374,0.0121367983676
1793,1315,1376,0.023922825368
1794,1315,1388,0.011248299478
1795,1315,1407,0.17646983052
1796,1315,1411,0.462758459565
1797,1315,1413,0.655977023416
1798,1315,1417,0.0108043189315
1799,1315,1423,0.040295001666
1800,1315,1425,0.0384310174186
1801,1315,1433,0.0232277578803
1802,1315,1435,0.0221048384058
1803,1315,1436,0.0332005398666
1804,1315,1437,0.00750363337533
1805,1315,1438,0.00880779652091
1806,1315,1439,0.0289121892325
1807,1315,1448,0.0190271427461
1808,1315,1452,0.00928420225664
1809,1315,1455,0.0129487779053
1810,1315,1457,0.101653471978
1811,1315,1458,0.0143145353482
1812,1315,1462,0.0214990418956
1813,1321,1323,0.280326863951
1814,1321,1329,0.324711839011
1815,1321,1332,0.229693320912
1816,1321,1343,0.502944762826
1817,1321,1344,0.509088889384
1818,1321,1345,0.224732452907
1819,1321,1348,0.36963527315
1820,1321,1355,0.967044919182
1821,1321,1371,0.479268249132
1822,1321,1374,0.255961121416
1823,1321,1376,0.406977572549
1824,1321,1388,0.241588215394
1825,1321,1407,0.857145888119
1826,1321,1411,0.96018919251
1827,1321,1413,0.981614778616
1828,1321,1417,0.2342060712
1829,1321,1423,0.540370917565
1830,1321,1425,0.52810361051
1831,1321,1433,0.399710619865
1832,1321,1435,0.387609568357
1833,1321,1436,0.490203634712
1834,1321,1437,0.174710845217
1835,1321,1438,0.199242306794
1836,1321,1439,0.454645228777
1837,1321,1448,0.35195797047
1838,1321,1452,0.207859079366
1839,1321,1455,0.268649347684
1840,1321,1457,0.760103730201
1841,1321,1458,0.28908597907
1842,1321,1462,0.380888449691
1843,1323,1329,0.540927034241
1844,1323,1332,0.422195502352
1845,1323,1343,0.712602151761
1846,1323,1344,0.717609799288
1847,1323,1345,0.415318636481
1848,1323,1348,0.58964421708
1849,1323,1355,0.986283929483
1850,1323,1371,0.692812698628
1851,1323,1374,0.457405706062
1852,1323,1376,0.627101573613
1853,1323,1388,0.438385945078
1854,1323,1407,0.936318453564
1855,1323,1411,0.983361680003
1856,1323,1413,0.992414696167
1857,1323,1417,0.428387014164
1858,1323,1423,0.742329688852
1859,1323,1425,0.732787130716
1860,1323,1433,0.620013516066
1861,1323,1435,0.607998113099
1862,1323,1436,0.702051502476
1863,1323,1437,0.341565649245
1864,1323,1438,0.378772854661
1865,1323,1439,0.671363282652
1866,1323,1448,0.570975631225
1867,1323,1452,0.391359225147
1868,1323,1455,0.473721873575
1869,1323,1457,0.88589960259
1870,1323,1458,0.499112314033
1871,1323,1462,0.601207207401
1872,1329,1332,0.386123668767
1873,1329,1343,0.680960001278
1874,1329,1344,0.686276258548
1875,1329,1345,0.379448504605
1876,1329,1348,0.552957156418
1877,1329,1355,0.984101548838
1878,1329,1371,0.660031214604
1879,1329,1374,0.420514951311
1880,1329,1376,0.591442972392
1881,1329,1388,0.401892971273
1882,1329,1407,0.926776234851
1883,1329,1411,0.980723424227
1884,1329,1413,0.991199084806
1885,1329,1417,0.392145204778
1886,1329,1423,0.712640668904
1887,1329,1425,0.702439340481
1888,1329,1433,0.584126610088
1889,1329,1435,0.571760217581
1890,1329,1436,0.669786020618
1891,1329,1437,0.308702204269
1892,1329,1438,0.344200945721
1893,1329,1439,0.637490514641
1894,1329,1448,0.533938760425
1895,1329,1452,0.356297396028
1896,1329,1455,0.436573991676
1897,1329,1457,0.869852608094
1898,1329,1458,0.461720193056
1899,1329,1462,0.564790903026
1900,1332,1343,0.772601971424
1901,1332,1344,0.776891493838
1902,1332,1345,0.493246737497
1903,1332,1348,0.663180738661
1904,1332,1355,0.989952990227
1905,1332,1371,0.755526571676
1906,1332,1374,0.535991436499
1907,1332,1376,0.697370756465
1908,1332,1388,0.516816430068
1909,1332,1407,0.952712497102
1910,1332,1411,0.987802777798
1911,1332,1413,0.99445299503
1912,1332,1417,0.506642400549
1913,1332,1423,0.797883586439
1914,1332,1425,0.789815880798
1915,1332,1433,0.690960145567
1916,1332,1435,0.680030382013
1917,1332,1436,0.763523023311
1918,1332,1437,0.41548920441
1919,1332,1438,0.455182165575
1920,1332,1439,0.736792529065
1921,1332,1448,0.645848258881
1922,1332,1452,0.468393186982
1923,1332,1455,0.55225767944
1924,1332,1457,0.914082334793
1925,1332,1458,0.577240506097
1926,1332,1462,0.673817878652
1927,1343,1344,0.456653124656
1928,1343,1345,0.190235449966
1929,1343,1348,0.322137666845
1930,1343,1355,0.959647631855
1931,1343,1371,0.427230914815
1932,1343,1374,0.218018503322
1933,1343,1376,0.357402133411
1934,1343,1388,0.20518861301
1935,1343,1407,0.829431111774
1936,1343,1411,0.951330477954
1937,1343,1413,0.977411534298
1938,1343,1417,0.198627423352
1939,1343,1423,0.487915491519
1940,1343,1425,0.475606788822
1941,1343,1433,0.350497202111
1942,1343,1435,0.339044558029
1943,1343,1436,0.437977611583
1944,1343,1437,0.146441889095
1945,1343,1438,0.167811157353
1946,1343,1439,0.403211255497
1947,1343,1448,0.305630538112
1948,1343,1452,0.175366297647
1949,1343,1455,0.229405792549
1950,1343,1457,0.719718331865
1951,1343,1458,0.247868882197
1952,1343,1462,0.332708037602
1953,1344,1345,0.179496887359
1954,1344,1348,0.306774146837
1955,1344,1355,0.95679517899
1956,1344,1371,0.409885963443
1957,1344,1374,0.206110808001
1958,1344,1376,0.341203327264
1959,1344,1388,0.193807985251
1960,1344,1407,0.819108919486
1961,1344,1411,0.947922002612
1962,1344,1413,0.975783099044
1963,1344,1417,0.18752484702
1964,1344,1423,0.470129044947
1965,1344,1425,0.457867848197
1966,1344,1433,0.33444847059
1967,1344,1435,0.323259230803
1968,1344,1436,0.420516683712
1969,1344,1437,0.137754874705
1970,1344,1438,0.158091290735
1971,1344,1439,0.386183973009
1972,1344,1448,0.29071664645
1973,1344,1452,0.165295746715
1974,1344,1455,0.217048778042
1975,1344,1457,0.705117201637
1976,1344,1458,0.234820404142
1977,1344,1462,0.31707620085
1978,1345,1348,0.677400420959
1979,1345,1355,0.990573246165
1980,1345,1371,0.767216097134
1981,1345,1374,0.551953006658
1982,1345,1376,0.710776517561
1983,1345,1388,0.532862734193
1984,1345,1407,0.955528528879
1985,1345,1411,0.988554243134
1986,1345,1413,0.994796901615
1987,1345,1417,0.522714548518
1988,1345,1423,0.808062324867
1989,1345,1425,0.800299224074
1990,1345,1433,0.704529563676
1991,1345,1435,0.693867082481
1992,1345,1436,0.774944092122
1993,1345,1437,0.431197020209
1994,1345,1438,0.471180933395
1995,1345,1439,0.74908032857
1996,1345,1448,0.660424998535
1997,1345,1452,0.484443411199
1998,1345,1455,0.568110572477
1999,1345,1457,0.919003263035
2000,1345,1458,0.592860963129
2001,1345,1462,0.687799893834
2002,1348,1355,0.979915471736
2003,1348,1371,0.604784846128
2004,1348,1374,0.363859721068
2005,1348,1376,0.532937953189
2006,1348,1388,0.346247553101
2007,1348,1407,0.90889370562
2008,1348,1411,0.975669874115
2009,1348,1413,0.988860642177
2010,1348,1417,0.337088787657
2011,1348,1423,0.661559808024
2012,1348,1425,0.650434599321
2013,1348,1433,0.525414586484
2014,1348,1435,0.512758620001
2015,1348,1436,0.615200676721
2016,1348,1437,0.260343401698
2017,1348,1438,0.29263521622
2018,1348,1439,0.580907017085
2019,1348,1448,0.474515414446
2020,1348,1452,0.303758855412
2021,1348,1455,0.379170854349
2022,1348,1457,0.840461426448
2023,1348,1458,0.403377843004
2024,1348,1462,0.505659287505
2025,1355,1371,0.00796242613396
2026,1355,1374,0.00299109431708
2027,1355,1376,0.00594922810721
2028,1355,1388,0.00277024765282
2029,1355,1407,0.0497238258184
2030,1355,1411,0.173781465557
2031,1355,1413,0.317691553043
2032,1355,1417,0.00266000321404
2033,1355,1423,0.0101486237971
2034,1355,1425,0.00966512005122
2035,1355,1433,0.0057732870311
2036,1355,1435,0.00548944181829
2037,1355,1436,0.00831583505045
2038,1355,1437,0.00184274562823
2039,1355,1438,0.00216516898023
2040,1355,1439,0.00721772334474
2041,1355,1448,0.00471398534674
2042,1355,1452,0.00228310860501
2043,1355,1455,0.00319318317264
2044,1355,1457,0.0268883851497
2045,1355,1458,0.00353366419072
2046,1355,1462,0.00533651539588
2047,1371,1374,0.224225696744
2048,1371,1376,0.365721753449
2049,1371,1388,0.211129149927
2050,1371,1407,0.834469874417
2051,1371,1411,0.952972393522
2052,1371,1413,0.978193747307
2053,1371,1417,0.204426860624
2054,1371,1423,0.496923833911
2055,1371,1425,0.484602935351
2056,1371,1433,0.358745822129
2057,1371,1435,0.347167716679
2058,1371,1436,0.446868533797
2059,1371,1437,0.151004748829
2060,1371,1438,0.172904967799
2061,1371,1439,0.411913679885
2062,1371,1448,0.313332647463
2063,1371,1452,0.180639659906
2064,1371,1455,0.235839414654
2065,1371,1457,0.726931089788
2066,1371,1458,0.254649187848
2067,1371,1462,0.34075764922
2068,1374,1376,0.674261809807
2069,1374,1388,0.490003045713
2070,1374,1407,0.947637575359
2071,1374,1411,0.986440165266
2072,1374,1413,0.993828669964
2073,1374,1417,0.479832676832
2074,1374,1423,0.780028870049
2075,1374,1425,0.771452617887
2076,1374,1433,0.667595011916
2077,1374,1435,0.656250003795
2078,1374,1436,0.74360832179
2079,1374,1437,0.389692998457
2080,1374,1438,0.428729159362
2081,1374,1439,0.715465631417
2082,1374,1448,0.620943509866
2083,1374,1452,0.441795000242
2084,1374,1455,0.525605732796
2085,1374,1457,0.905273811251
2086,1374,1458,0.550866249332
2087,1374,1462,0.649813547462
2088,1376,1388,0.274556106819
2089,1376,1407,0.876981152618
2090,1376,1411,0.966279775523
2091,1376,1413,0.984480480201
2092,1376,1417,0.266520588508
2093,1376,1423,0.582780869261
2094,1376,1425,0.57074631718
2095,1376,1433,0.441689700507
2096,1376,1435,0.429226484811
2097,1376,1436,0.533244189121
2098,1376,1437,0.200970808068
2099,1376,1438,0.228170064831
2100,1376,1439,0.497611158974
2101,1376,1448,0.392198541856
2102,1376,1452,0.23766657955
2103,1376,1455,0.303830678824
2104,1376,1457,0.790113880975
2105,1376,1458,0.325751560388
2106,1376,1462,0.422281343741
2107,1388,1407,0.95393442997
2108,1388,1411,0.988129258214
2109,1388,1413,0.994602443172
2110,1388,1417,0.513505004639
2111,1388,1423,0.802276046802
2112,1388,1425,0.794338478332
2113,1388,1433,0.696793265109
2114,1388,1435,0.685976042872
2115,1388,1436,0.768445508098
2116,1388,1437,0.422173661095
2117,1388,1438,0.462000466608
2118,1388,1439,0.742083476117
2119,1388,1448,0.652104144267
2120,1388,1452,0.475236761616
2121,1388,1455,0.559038026714
2122,1388,1457,0.916214702836
2123,1388,1458,0.583927559387
2124,1388,1462,0.679824627702
2125,1407,1411,0.645826987774
2126,1407,1413,0.801453876533
2127,1407,1417,0.0225997468485
2128,1407,1423,0.0816295264097
2129,1407,1425,0.0780088924283
2130,1407,1433,0.0479290938434
2131,1407,1435,0.0456678479043
2132,1407,1436,0.0677714952874
2133,1407,1437,0.0157529803914
2134,1407,1438,0.0184642412114
2135,1407,1439,0.0592916346811
2136,1407,1448,0.0394417551444
2137,1407,1452,0.0194527046984
2138,1407,1455,0.0270214288503
2139,1407,1457,0.193254931601
2140,1407,1458,0.0298266305999
2141,1407,1462,0.0444456427506
2142,1411,1413,0.380952845483
2143,1411,1417,0.00351263715726
2144,1411,1423,0.0133694727888
2145,1411,1425,0.0127344945253
2146,1411,1433,0.00761622817001
2147,1411,1435,0.00724243429755
2148,1411,1436,0.0109614567487
2149,1411,1437,0.00243405622875
2150,1411,1438,0.00285964419479
2151,1411,1439,0.00951734171177
2152,1411,1448,0.00622089339014
2153,1411,1452,0.003015298492
2154,1411,1455,0.00421599946455
2155,1411,1457,0.0352328004572
2156,1411,1458,0.0046650303887
2157,1411,1462,0.0070410182636
2158,1413,1417,0.00117635925693
2159,1413,1423,0.00450700052874
2160,1413,1425,0.00429111148287
2161,1413,1433,0.00255763031444
2162,1413,1435,0.00243149708215
2163,1413,1436,0.00368926230752
2164,1413,1437,0.000814563139907
2165,1413,1438,0.000957258963346
2166,1413,1439,0.00320012121339
2167,1413,1448,0.00208710931063
2168,1413,1452,0.00100946869173
2169,1413,1455,0.00141257384956
2170,1413,1457,0.0120544475242
2171,1413,1458,0.00156349081251
2172,1413,1462,0.0023635572882
2173,1417,1423,0.792457197115
2174,1417,1425,0.784231465414
2175,1417,1433,0.683800729489
2176,1417,1435,0.672737686976
2177,1417,1436,0.757454556249
2178,1417,1437,0.407421134681
2179,1417,1438,0.446932677907
2180,1417,1439,0.730280423631
2181,1417,1448,0.638190995144
2182,1417,1452,0.460106471418
2183,1417,1455,0.544005568773
2184,1417,1457,0.911429324003
2185,1417,1458,0.569089568899
2186,1417,1462,0.666453039636
2187,1423,1425,0.425262212714
2188,1423,1433,0.305676206925
2189,1423,1435,0.295022869312
2190,1423,1436,0.388664004497
2191,1423,1437,0.122782277457
2192,1423,1438,0.141270472774
2193,1423,1439,0.355337208359
2194,1423,1448,0.264213053794
2195,1423,1452,0.147842988602
2196,1423,1455,0.195410920965
2197,1423,1457,0.676888101811
2198,1423,1458,0.211890341001
2199,1423,1462,0.289149161617
2200,1425,1433,0.312651540514
2201,1425,1435,0.301860790568
2202,1425,1436,0.396451766786
2203,1425,1437,0.126343529941
2204,1425,1438,0.145279159104
2205,1425,1439,0.362853547001
2206,1425,1448,0.270610989467
2207,1425,1452,0.152005163482
2208,1425,1455,0.200597022034
2209,1425,1457,0.68398951457
2210,1425,1458,0.217395626089
2211,1425,1462,0.295908087378
2212,1433,1435,0.462262728954
2213,1433,1436,0.566342583483
2214,1433,1437,0.223312362576
2215,1433,1438,0.252579497692
2216,1433,1439,0.531014043024
2217,1433,1448,0.424504450496
2218,1433,1452,0.26274609905
2219,1433,1455,0.332843717724
2220,1433,1457,0.81143829935
2221,1433,1458,0.355788058116
2222,1433,1462,0.455209358654
2223,1435,1436,0.573701173417
2224,1435,1437,0.228563029404
2225,1435,1438,0.258289467196
2226,1435,1439,0.538483592343
2227,1435,1448,0.431855382266
2228,1435,1452,0.268603305304
2229,1435,1455,0.339543883956
2230,1435,1457,0.815989227696
2231,1435,1458,0.362698999581
2232,1435,1462,0.46266453524
2233,1436,1437,0.159737493738
2234,1436,1438,0.182631777172
2235,1436,1439,0.428126238892
2236,1436,1448,0.327828080616
2237,1436,1452,0.190701262357
2238,1436,1455,0.248044856516
2239,1436,1457,0.739942027551
2240,1436,1458,0.267487342783
2241,1436,1462,0.35586429923
2242,1437,1438,0.558830062756
2243,1437,1439,0.809309979437
2244,1437,1448,0.734389419635
2245,1437,1452,0.57189159527
2246,1437,1455,0.651574185887
2247,1437,1457,0.941623948371
2248,1437,1458,0.674283795916
2249,1437,1462,0.757986680637
2250,1438,1439,0.790634561559
2251,1438,1448,0.710996762176
2252,1438,1452,0.543091537595
2253,1438,1455,0.62461603973
2254,1438,1457,0.93486390199
2255,1438,1458,0.648133859178
2256,1438,1462,0.735924960591
2257,1439,1448,0.343707111367
2258,1439,1452,0.20193366593
2259,1439,1455,0.261563206747
2260,1439,1457,0.753408561483
2261,1439,1458,0.281668391654
2262,1439,1462,0.372349063557
2263,1448,1452,0.325026988807
2264,1448,1455,0.402665378545
2265,1448,1457,0.853255088015
2266,1448,1458,0.427339841069
2267,1448,1462,0.530296728299
2268,1452,1455,0.601258731883
2269,1452,1457,0.928604423333
2270,1452,1458,0.625362194644
2271,1452,1462,0.716348359106
2272,1455,1457,0.907528293099
2273,1455,1458,0.557431995517
2274,1455,1462,0.655836527834
2275,1457,1458,0.0659281185878
2276,1457,1462,0.0964819684941
2277,1458,1462,0.608035188852
