"id","pred.Win"
"2013_1103_1107",0.5396
"2013_1103_1112",0.1528
"2013_1103_1125",0.3565
"2013_1103_1129",0.4998
"2013_1103_1137",0.3685
"2013_1103_1139",0.6933
"2013_1103_1143",0.5283
"2013_1103_1153",0.3805
"2013_1103_1160",0.3838
"2013_1103_1161",0.472
"2013_1103_1166",0.2281
"2013_1103_1172",0.5116
"2013_1103_1181",0.0313
"2013_1103_1195",0.5418
"2013_1103_1196",0.0461
"2013_1103_1207",0.1526
"2013_1103_1211",0.028
"2013_1103_1217",0.6069
"2013_1103_1228",0.4675
"2013_1103_1231",0.0828
"2013_1103_1233",0.5567
"2013_1103_1235",0.3811
"2013_1103_1241",0.5893
"2013_1103_1242",0.035
"2013_1103_1243",0.7221
"2013_1103_1247",0.4567
"2013_1103_1251",0.567
"2013_1103_1254",0.5061
"2013_1103_1257",0.022
"2013_1103_1266",0.1015
"2013_1103_1272",0.1457
"2013_1103_1274",0.1261
"2013_1103_1276",0.1848
"2013_1103_1277",0.089
"2013_1103_1278",0.3605
"2013_1103_1279",0.3561
"2013_1103_1281",0.1278
"2013_1103_1285",0.407
"2013_1103_1292",0.3719
"2013_1103_1299",0.567
"2013_1103_1301",0.1006
"2013_1103_1307",0.0718
"2013_1103_1308",0.5065
"2013_1103_1314",0.4309
"2013_1103_1322",0.6073
"2013_1103_1323",0.5091
"2013_1103_1326",0.0336
"2013_1103_1328",0.3526
"2013_1103_1329",0.0938
"2013_1103_1332",0.4454
"2013_1103_1334",0.4499
"2013_1103_1338",0.1996
"2013_1103_1355",0.5717
"2013_1103_1361",0.4412
"2013_1103_1380",0.5039
"2013_1103_1387",0.1217
"2013_1103_1388",0.3204
"2013_1103_1393",0.2795
"2013_1103_1396",0.3788
"2013_1103_1417",0.689
"2013_1103_1424",0.3462
"2013_1103_1433",0.0907
"2013_1103_1434",0.5274
"2013_1103_1437",0.3904
"2013_1103_1443",0.5031
"2013_1103_1455",0.1544
"2013_1103_1458",0.201
"2013_1107_1112",0.0625
"2013_1107_1125",0.0731
"2013_1107_1129",0.1895
"2013_1107_1137",0.0906
"2013_1107_1139",0.2993
"2013_1107_1143",0.1979
"2013_1107_1153",0.1738
"2013_1107_1160",0.1632
"2013_1107_1161",0.2255
"2013_1107_1166",0.061
"2013_1107_1172",0.1523
"2013_1107_1181",9e-04
"2013_1107_1195",0.1346
"2013_1107_1196",0.001
"2013_1107_1207",0.0159
"2013_1107_1211",0.0011
"2013_1107_1217",0.256
"2013_1107_1228",0.2734
"2013_1107_1231",0.0234
"2013_1107_1233",0.1598
"2013_1107_1235",0.1609
"2013_1107_1241",0.2669
"2013_1107_1242",0.0016
"2013_1107_1243",0.3308
"2013_1107_1247",0.1985
"2013_1107_1251",0.3201
"2013_1107_1254",0.1017
"2013_1107_1257",0
"2013_1107_1266",0.0031
"2013_1107_1272",0.0495
"2013_1107_1274",0.0017
"2013_1107_1276",0.048
"2013_1107_1277",0.0061
"2013_1107_1278",0.1765
"2013_1107_1279",0.0825
"2013_1107_1281",0.0553
"2013_1107_1285",0.0866
"2013_1107_1292",0.0805
"2013_1107_1299",0.3201
"2013_1107_1301",0.0485
"2013_1107_1307",6e-04
"2013_1107_1308",0.1495
"2013_1107_1314",0.2092
"2013_1107_1322",0.2546
"2013_1107_1323",0.256
"2013_1107_1326",0.0011
"2013_1107_1328",0.1449
"2013_1107_1329",0.0239
"2013_1107_1332",0.1834
"2013_1107_1334",0.0994
"2013_1107_1338",0.067
"2013_1107_1355",0.2344
"2013_1107_1361",0.2356
"2013_1107_1380",0.0877
"2013_1107_1387",0.007
"2013_1107_1388",0.0643
"2013_1107_1393",0.0424
"2013_1107_1396",0.0945
"2013_1107_1417",0.3234
"2013_1107_1424",0.1201
"2013_1107_1433",0.0264
"2013_1107_1434",0.1559
"2013_1107_1437",0.2077
"2013_1107_1443",0.0864
"2013_1107_1455",0.0699
"2013_1107_1458",0.0679
"2013_1112_1125",0.9075
"2013_1112_1129",0.7903
"2013_1112_1137",0.8965
"2013_1112_1139",0.7647
"2013_1112_1143",0.8759
"2013_1112_1153",0.736
"2013_1112_1160",0.7115
"2013_1112_1161",0.7794
"2013_1112_1166",0.5606
"2013_1112_1172",0.8915
"2013_1112_1181",0.084
"2013_1112_1195",0.8477
"2013_1112_1196",0.0852
"2013_1112_1207",0.2468
"2013_1112_1211",0.1417
"2013_1112_1217",0.8596
"2013_1112_1228",0.8169
"2013_1112_1231",0.2159
"2013_1112_1233",0.7777
"2013_1112_1235",0.7174
"2013_1112_1241",0.8377
"2013_1112_1242",0.1459
"2013_1112_1243",0.7306
"2013_1112_1247",0.7805
"2013_1112_1251",0.8265
"2013_1112_1254",0.8187
"2013_1112_1257",0.0624
"2013_1112_1266",0.2586
"2013_1112_1272",0.5603
"2013_1112_1274",0.1269
"2013_1112_1276",0.3171
"2013_1112_1277",0.1016
"2013_1112_1278",0.6796
"2013_1112_1279",0.7741
"2013_1112_1281",0.538
"2013_1112_1285",0.8084
"2013_1112_1292",0.9126
"2013_1112_1299",0.8265
"2013_1112_1301",0.5047
"2013_1112_1307",0.1121
"2013_1112_1308",0.8055
"2013_1112_1314",0.7859
"2013_1112_1322",0.8672
"2013_1112_1323",0.7745
"2013_1112_1326",0.1051
"2013_1112_1328",0.8358
"2013_1112_1329",0.4532
"2013_1112_1332",0.7042
"2013_1112_1334",0.8212
"2013_1112_1338",0.514
"2013_1112_1355",0.8462
"2013_1112_1361",0.7733
"2013_1112_1380",0.8379
"2013_1112_1387",0.52
"2013_1112_1388",0.7559
"2013_1112_1393",0.2782
"2013_1112_1396",0.9129
"2013_1112_1417",0.795
"2013_1112_1424",0.6773
"2013_1112_1433",0.463
"2013_1112_1434",0.8983
"2013_1112_1437",0.8156
"2013_1112_1443",0.8372
"2013_1112_1455",0.6141
"2013_1112_1458",0.5887
"2013_1125_1129",0.5535
"2013_1125_1137",0.4879
"2013_1125_1139",0.7489
"2013_1125_1143",0.567
"2013_1125_1153",0.5083
"2013_1125_1160",0.5102
"2013_1125_1161",0.5712
"2013_1125_1166",0.5475
"2013_1125_1172",0.5743
"2013_1125_1181",0.1999
"2013_1125_1195",0.5683
"2013_1125_1196",0.1927
"2013_1125_1207",0.412
"2013_1125_1211",0.0938
"2013_1125_1217",0.6368
"2013_1125_1228",0.5966
"2013_1125_1231",0.2609
"2013_1125_1233",0.5821
"2013_1125_1235",0.5085
"2013_1125_1241",0.6203
"2013_1125_1242",0.1045
"2013_1125_1243",0.7917
"2013_1125_1247",0.5348
"2013_1125_1251",0.594
"2013_1125_1254",0.536
"2013_1125_1257",0.0738
"2013_1125_1266",0.3255
"2013_1125_1272",0.4796
"2013_1125_1274",0.3472
"2013_1125_1276",0.4598
"2013_1125_1277",0.3041
"2013_1125_1278",0.4942
"2013_1125_1279",0.4594
"2013_1125_1281",0.393
"2013_1125_1285",0.4985
"2013_1125_1292",0.4649
"2013_1125_1299",0.594
"2013_1125_1301",0.3977
"2013_1125_1307",0.1614
"2013_1125_1308",0.5558
"2013_1125_1314",0.5511
"2013_1125_1322",0.6371
"2013_1125_1323",0.6211
"2013_1125_1326",0.1106
"2013_1125_1328",0.4739
"2013_1125_1329",0.4893
"2013_1125_1332",0.5291
"2013_1125_1334",0.5232
"2013_1125_1338",0.5217
"2013_1125_1355",0.6141
"2013_1125_1361",0.5706
"2013_1125_1380",0.5356
"2013_1125_1387",0.4166
"2013_1125_1388",0.4407
"2013_1125_1393",0.6373
"2013_1125_1396",0.4707
"2013_1125_1417",0.7543
"2013_1125_1424",0.5676
"2013_1125_1433",0.4612
"2013_1125_1434",0.5817
"2013_1125_1437",0.5216
"2013_1125_1443",0.5346
"2013_1125_1455",0.3872
"2013_1125_1458",0.483
"2013_1129_1137",0.4454
"2013_1129_1139",0.7596
"2013_1129_1143",0.6424
"2013_1129_1153",0.472
"2013_1129_1160",0.5005
"2013_1129_1161",0.5149
"2013_1129_1166",0.1979
"2013_1129_1172",0.5673
"2013_1129_1181",0.0399
"2013_1129_1195",0.5937
"2013_1129_1196",0.0498
"2013_1129_1207",0.1166
"2013_1129_1211",0.0323
"2013_1129_1217",0.6878
"2013_1129_1228",0.5672
"2013_1129_1231",0.0811
"2013_1129_1233",0.6134
"2013_1129_1235",0.4931
"2013_1129_1241",0.6586
"2013_1129_1242",0.037
"2013_1129_1243",0.7474
"2013_1129_1247",0.5798
"2013_1129_1251",0.6133
"2013_1129_1254",0.5519
"2013_1129_1257",0.0284
"2013_1129_1266",0.0855
"2013_1129_1272",0.1522
"2013_1129_1274",0.0976
"2013_1129_1276",0.1578
"2013_1129_1277",0.0817
"2013_1129_1278",0.4455
"2013_1129_1279",0.3957
"2013_1129_1281",0.1662
"2013_1129_1285",0.4594
"2013_1129_1292",0.4551
"2013_1129_1299",0.6133
"2013_1129_1301",0.1355
"2013_1129_1307",0.0587
"2013_1129_1308",0.5675
"2013_1129_1314",0.4845
"2013_1129_1322",0.6872
"2013_1129_1323",0.5792
"2013_1129_1326",0.036
"2013_1129_1328",0.49
"2013_1129_1329",0.1174
"2013_1129_1332",0.51
"2013_1129_1334",0.5008
"2013_1129_1338",0.1862
"2013_1129_1355",0.6568
"2013_1129_1361",0.4995
"2013_1129_1380",0.5496
"2013_1129_1387",0.1293
"2013_1129_1388",0.3793
"2013_1129_1393",0.2142
"2013_1129_1396",0.4556
"2013_1129_1417",0.704
"2013_1129_1424",0.3802
"2013_1129_1433",0.1216
"2013_1129_1434",0.584
"2013_1129_1437",0.5119
"2013_1129_1443",0.5488
"2013_1129_1455",0.2062
"2013_1129_1458",0.2397
"2013_1137_1139",0.7182
"2013_1137_1143",0.5285
"2013_1137_1153",0.4807
"2013_1137_1160",0.4708
"2013_1137_1161",0.56
"2013_1137_1166",0.4622
"2013_1137_1172",0.5479
"2013_1137_1181",0.1794
"2013_1137_1195",0.5426
"2013_1137_1196",0.1722
"2013_1137_1207",0.3708
"2013_1137_1211",0.0831
"2013_1137_1217",0.6173
"2013_1137_1228",0.5905
"2013_1137_1231",0.241
"2013_1137_1233",0.5566
"2013_1137_1235",0.4699
"2013_1137_1241",0.6011
"2013_1137_1242",0.0923
"2013_1137_1243",0.7799
"2013_1137_1247",0.5052
"2013_1137_1251",0.5765
"2013_1137_1254",0.51
"2013_1137_1257",0.0676
"2013_1137_1266",0.2953
"2013_1137_1272",0.4217
"2013_1137_1274",0.3017
"2013_1137_1276",0.3849
"2013_1137_1277",0.2625
"2013_1137_1278",0.47
"2013_1137_1279",0.4303
"2013_1137_1281",0.3462
"2013_1137_1285",0.474
"2013_1137_1292",0.4206
"2013_1137_1299",0.5765
"2013_1137_1301",0.3515
"2013_1137_1307",0.14
"2013_1137_1308",0.533
"2013_1137_1314",0.5393
"2013_1137_1322",0.6178
"2013_1137_1323",0.6
"2013_1137_1326",0.0972
"2013_1137_1328",0.4347
"2013_1137_1329",0.4236
"2013_1137_1332",0.5026
"2013_1137_1334",0.4966
"2013_1137_1338",0.4511
"2013_1137_1355",0.5948
"2013_1137_1361",0.5592
"2013_1137_1380",0.5092
"2013_1137_1387",0.3459
"2013_1137_1388",0.4063
"2013_1137_1393",0.5301
"2013_1137_1396",0.4407
"2013_1137_1417",0.7453
"2013_1137_1424",0.5324
"2013_1137_1433",0.404
"2013_1137_1434",0.5498
"2013_1137_1437",0.5056
"2013_1137_1443",0.508
"2013_1137_1455",0.3443
"2013_1137_1458",0.4355
"2013_1139_1143",0.6573
"2013_1139_1153",0.4553
"2013_1139_1160",0.5166
"2013_1139_1161",0.4551
"2013_1139_1166",0.279
"2013_1139_1172",0.4813
"2013_1139_1181",0.0709
"2013_1139_1195",0.4821
"2013_1139_1196",0.0762
"2013_1139_1207",0.2385
"2013_1139_1211",0.1021
"2013_1139_1217",0.6523
"2013_1139_1228",0.5434
"2013_1139_1231",0.213
"2013_1139_1233",0.4749
"2013_1139_1235",0.5097
"2013_1139_1241",0.6429
"2013_1139_1242",0.1099
"2013_1139_1243",0.6226
"2013_1139_1247",0.5844
"2013_1139_1251",0.5042
"2013_1139_1254",0.4655
"2013_1139_1257",0.0634
"2013_1139_1266",0.1998
"2013_1139_1272",0.2342
"2013_1139_1274",0.1784
"2013_1139_1276",0.2683
"2013_1139_1277",0.1392
"2013_1139_1278",0.4618
"2013_1139_1279",0.251
"2013_1139_1281",0.3016
"2013_1139_1285",0.3655
"2013_1139_1292",0.4121
"2013_1139_1299",0.5042
"2013_1139_1301",0.2551
"2013_1139_1307",0.0876
"2013_1139_1308",0.3983
"2013_1139_1314",0.3985
"2013_1139_1322",0.6569
"2013_1139_1323",0.5177
"2013_1139_1326",0.0737
"2013_1139_1328",0.6163
"2013_1139_1329",0.2141
"2013_1139_1332",0.4377
"2013_1139_1334",0.418
"2013_1139_1338",0.2996
"2013_1139_1355",0.6203
"2013_1139_1361",0.4907
"2013_1139_1380",0.467
"2013_1139_1387",0.2515
"2013_1139_1388",0.2366
"2013_1139_1393",0.2869
"2013_1139_1396",0.349
"2013_1139_1417",0.5893
"2013_1139_1424",0.4314
"2013_1139_1433",0.2222
"2013_1139_1434",0.4912
"2013_1139_1437",0.5351
"2013_1139_1443",0.4664
"2013_1139_1455",0.3799
"2013_1139_1458",0.3639
"2013_1143_1153",0.3841
"2013_1143_1160",0.386
"2013_1143_1161",0.4797
"2013_1143_1166",0.2206
"2013_1143_1172",0.5183
"2013_1143_1181",0.0302
"2013_1143_1195",0.5481
"2013_1143_1196",0.044
"2013_1143_1207",0.1498
"2013_1143_1211",0.0276
"2013_1143_1217",0.6146
"2013_1143_1228",0.4736
"2013_1143_1231",0.0822
"2013_1143_1233",0.5634
"2013_1143_1235",0.3833
"2013_1143_1241",0.5961
"2013_1143_1242",0.0346
"2013_1143_1243",0.7294
"2013_1143_1247",0.4626
"2013_1143_1251",0.5729
"2013_1143_1254",0.5118
"2013_1143_1257",0.0222
"2013_1143_1266",0.0989
"2013_1143_1272",0.1426
"2013_1143_1274",0.123
"2013_1143_1276",0.175
"2013_1143_1277",0.0852
"2013_1143_1278",0.3652
"2013_1143_1279",0.3611
"2013_1143_1281",0.125
"2013_1143_1285",0.4135
"2013_1143_1292",0.3745
"2013_1143_1299",0.5729
"2013_1143_1301",0.0989
"2013_1143_1307",0.0689
"2013_1143_1308",0.5142
"2013_1143_1314",0.4387
"2013_1143_1322",0.6149
"2013_1143_1323",0.5134
"2013_1143_1326",0.0325
"2013_1143_1328",0.3555
"2013_1143_1329",0.09
"2013_1143_1332",0.4503
"2013_1143_1334",0.4556
"2013_1143_1338",0.1936
"2013_1143_1355",0.5797
"2013_1143_1361",0.4475
"2013_1143_1380",0.5096
"2013_1143_1387",0.1176
"2013_1143_1388",0.3247
"2013_1143_1393",0.2699
"2013_1143_1396",0.382
"2013_1143_1417",0.6971
"2013_1143_1424",0.3459
"2013_1143_1433",0.0875
"2013_1143_1434",0.5315
"2013_1143_1437",0.395
"2013_1143_1443",0.5088
"2013_1143_1455",0.1509
"2013_1143_1458",0.197
"2013_1153_1160",0.4754
"2013_1153_1161",0.4553
"2013_1153_1166",0.2792
"2013_1153_1172",0.4552
"2013_1153_1181",0.0911
"2013_1153_1195",0.4601
"2013_1153_1196",0.1075
"2013_1153_1207",0.3735
"2013_1153_1211",0.0435
"2013_1153_1217",0.4659
"2013_1153_1228",0.5363
"2013_1153_1231",0.1748
"2013_1153_1233",0.4561
"2013_1153_1235",0.4754
"2013_1153_1241",0.4723
"2013_1153_1242",0.1014
"2013_1153_1243",0.7199
"2013_1153_1247",0.4297
"2013_1153_1251",0.4839
"2013_1153_1254",0.4461
"2013_1153_1257",0.0294
"2013_1153_1266",0.2784
"2013_1153_1272",0.1913
"2013_1153_1274",0.3147
"2013_1153_1276",0.2606
"2013_1153_1277",0.1946
"2013_1153_1278",0.3932
"2013_1153_1279",0.3562
"2013_1153_1281",0.1377
"2013_1153_1285",0.3615
"2013_1153_1292",0.3467
"2013_1153_1299",0.4839
"2013_1153_1301",0.1123
"2013_1153_1307",0.1683
"2013_1153_1308",0.3977
"2013_1153_1314",0.4302
"2013_1153_1322",0.4712
"2013_1153_1323",0.7449
"2013_1153_1326",0.0554
"2013_1153_1328",0.4142
"2013_1153_1329",0.1749
"2013_1153_1332",0.3787
"2013_1153_1334",0.4115
"2013_1153_1338",0.2429
"2013_1153_1355",0.4289
"2013_1153_1361",0.6002
"2013_1153_1380",0.4442
"2013_1153_1387",0.2542
"2013_1153_1388",0.3393
"2013_1153_1393",0.3673
"2013_1153_1396",0.3495
"2013_1153_1417",0.7152
"2013_1153_1424",0.4444
"2013_1153_1433",0.1588
"2013_1153_1434",0.4802
"2013_1153_1437",0.3983
"2013_1153_1443",0.4429
"2013_1153_1455",0.2318
"2013_1153_1458",0.3228
"2013_1160_1161",0.4576
"2013_1160_1166",0.2681
"2013_1160_1172",0.4624
"2013_1160_1181",0.0577
"2013_1160_1195",0.4689
"2013_1160_1196",0.0778
"2013_1160_1207",0.3245
"2013_1160_1211",0.0272
"2013_1160_1217",0.4835
"2013_1160_1228",0.4931
"2013_1160_1231",0.1265
"2013_1160_1233",0.4671
"2013_1160_1235",0.4899
"2013_1160_1241",0.4883
"2013_1160_1242",0.0744
"2013_1160_1243",0.7001
"2013_1160_1247",0.4426
"2013_1160_1251",0.4932
"2013_1160_1254",0.4536
"2013_1160_1257",0.0167
"2013_1160_1266",0.2346
"2013_1160_1272",0.1788
"2013_1160_1274",0.2716
"2013_1160_1276",0.2296
"2013_1160_1277",0.1461
"2013_1160_1278",0.3918
"2013_1160_1279",0.3523
"2013_1160_1281",0.1197
"2013_1160_1285",0.3692
"2013_1160_1292",0.3691
"2013_1160_1299",0.4932
"2013_1160_1301",0.096
"2013_1160_1307",0.1349
"2013_1160_1308",0.4116
"2013_1160_1314",0.432
"2013_1160_1322",0.4884
"2013_1160_1323",0.6922
"2013_1160_1326",0.0339
"2013_1160_1328",0.4488
"2013_1160_1329",0.1526
"2013_1160_1332",0.3921
"2013_1160_1334",0.4175
"2013_1160_1338",0.2286
"2013_1160_1355",0.4481
"2013_1160_1361",0.5427
"2013_1160_1380",0.4519
"2013_1160_1387",0.2289
"2013_1160_1388",0.3424
"2013_1160_1393",0.3538
"2013_1160_1396",0.3568
"2013_1160_1417",0.688
"2013_1160_1424",0.401
"2013_1160_1433",0.1329
"2013_1160_1434",0.4862
"2013_1160_1437",0.3955
"2013_1160_1443",0.4506
"2013_1160_1455",0.193
"2013_1160_1458",0.2672
"2013_1161_1166",0.2194
"2013_1161_1172",0.5229
"2013_1161_1181",0.0706
"2013_1161_1195",0.5123
"2013_1161_1196",0.0701
"2013_1161_1207",0.301
"2013_1161_1211",0.041
"2013_1161_1217",0.6858
"2013_1161_1228",0.7514
"2013_1161_1231",0.2379
"2013_1161_1233",0.4981
"2013_1161_1235",0.7568
"2013_1161_1241",0.6765
"2013_1161_1242",0.0622
"2013_1161_1243",0.7049
"2013_1161_1247",0.658
"2013_1161_1251",0.5238
"2013_1161_1254",0.4953
"2013_1161_1257",0.0171
"2013_1161_1266",0.1984
"2013_1161_1272",0.1634
"2013_1161_1274",0.2086
"2013_1161_1276",0.2492
"2013_1161_1277",0.1775
"2013_1161_1278",0.5914
"2013_1161_1279",0.3476
"2013_1161_1281",0.2143
"2013_1161_1285",0.4028
"2013_1161_1292",0.4396
"2013_1161_1299",0.5238
"2013_1161_1301",0.1624
"2013_1161_1307",0.0697
"2013_1161_1308",0.4231
"2013_1161_1314",0.6218
"2013_1161_1322",0.6918
"2013_1161_1323",0.8551
"2013_1161_1326",0.0422
"2013_1161_1328",0.7343
"2013_1161_1329",0.1399
"2013_1161_1332",0.5401
"2013_1161_1334",0.457
"2013_1161_1338",0.2358
"2013_1161_1355",0.6535
"2013_1161_1361",0.6972
"2013_1161_1380",0.4979
"2013_1161_1387",0.173
"2013_1161_1388",0.3097
"2013_1161_1393",0.2102
"2013_1161_1396",0.4419
"2013_1161_1417",0.7169
"2013_1161_1424",0.4459
"2013_1161_1433",0.1381
"2013_1161_1434",0.5235
"2013_1161_1437",0.7509
"2013_1161_1443",0.4971
"2013_1161_1455",0.3556
"2013_1161_1458",0.3532
"2013_1166_1172",0.8739
"2013_1166_1181",0.0915
"2013_1166_1195",0.8578
"2013_1166_1196",0.091
"2013_1166_1207",0.2693
"2013_1166_1211",0.1422
"2013_1166_1217",0.8882
"2013_1166_1228",0.8919
"2013_1166_1231",0.219
"2013_1166_1233",0.8062
"2013_1166_1235",0.8032
"2013_1166_1241",0.8243
"2013_1166_1242",0.1304
"2013_1166_1243",0.6995
"2013_1166_1247",0.8555
"2013_1166_1251",0.8047
"2013_1166_1254",0.7901
"2013_1166_1257",0.0485
"2013_1166_1266",0.2551
"2013_1166_1272",0.4275
"2013_1166_1274",0.1338
"2013_1166_1276",0.3017
"2013_1166_1277",0.1502
"2013_1166_1278",0.7465
"2013_1166_1279",0.7201
"2013_1166_1281",0.4167
"2013_1166_1285",0.7903
"2013_1166_1292",0.9289
"2013_1166_1299",0.8047
"2013_1166_1301",0.3921
"2013_1166_1307",0.128
"2013_1166_1308",0.8521
"2013_1166_1314",0.7685
"2013_1166_1322",0.8911
"2013_1166_1323",0.7988
"2013_1166_1326",0.1416
"2013_1166_1328",0.9232
"2013_1166_1329",0.3128
"2013_1166_1332",0.7095
"2013_1166_1334",0.784
"2013_1166_1338",0.4113
"2013_1166_1355",0.8738
"2013_1166_1361",0.7834
"2013_1166_1380",0.8231
"2013_1166_1387",0.401
"2013_1166_1388",0.7016
"2013_1166_1393",0.2394
"2013_1166_1396",0.8995
"2013_1166_1417",0.7361
"2013_1166_1424",0.5449
"2013_1166_1433",0.3047
"2013_1166_1434",0.8724
"2013_1166_1437",0.9009
"2013_1166_1443",0.8235
"2013_1166_1455",0.5551
"2013_1166_1458",0.5003
"2013_1172_1181",0.0328
"2013_1172_1195",0.4461
"2013_1172_1196",0.0283
"2013_1172_1207",0.0718
"2013_1172_1211",0.0201
"2013_1172_1217",0.5516
"2013_1172_1228",0.5562
"2013_1172_1231",0.0756
"2013_1172_1233",0.4703
"2013_1172_1235",0.3714
"2013_1172_1241",0.5301
"2013_1172_1242",0.0168
"2013_1172_1243",0.5366
"2013_1172_1247",0.4846
"2013_1172_1251",0.5139
"2013_1172_1254",0.4055
"2013_1172_1257",0.0214
"2013_1172_1266",0.0403
"2013_1172_1272",0.1796
"2013_1172_1274",0.0471
"2013_1172_1276",0.0901
"2013_1172_1277",0.045
"2013_1172_1278",0.3685
"2013_1172_1279",0.3086
"2013_1172_1281",0.1467
"2013_1172_1285",0.383
"2013_1172_1292",0.3125
"2013_1172_1299",0.5139
"2013_1172_1301",0.1398
"2013_1172_1307",0.0192
"2013_1172_1308",0.4548
"2013_1172_1314",0.4015
"2013_1172_1322",0.5502
"2013_1172_1323",0.4663
"2013_1172_1326",0.0192
"2013_1172_1328",0.3728
"2013_1172_1329",0.1368
"2013_1172_1332",0.3828
"2013_1172_1334",0.4025
"2013_1172_1338",0.1681
"2013_1172_1355",0.5272
"2013_1172_1361",0.4243
"2013_1172_1380",0.4011
"2013_1172_1387",0.0622
"2013_1172_1388",0.2875
"2013_1172_1393",0.1145
"2013_1172_1396",0.3596
"2013_1172_1417",0.5334
"2013_1172_1424",0.2782
"2013_1172_1433",0.1386
"2013_1172_1434",0.4659
"2013_1172_1437",0.4888
"2013_1172_1443",0.4
"2013_1172_1455",0.1673
"2013_1172_1458",0.1988
"2013_1181_1195",0.9293
"2013_1181_1196",0.61
"2013_1181_1207",0.7704
"2013_1181_1211",0.747
"2013_1181_1217",0.9426
"2013_1181_1228",0.8894
"2013_1181_1231",0.8407
"2013_1181_1233",0.7917
"2013_1181_1235",0.7698
"2013_1181_1241",0.876
"2013_1181_1242",0.6667
"2013_1181_1243",0.8922
"2013_1181_1247",0.7969
"2013_1181_1251",0.8753
"2013_1181_1254",0.8583
"2013_1181_1257",0.4321
"2013_1181_1266",0.738
"2013_1181_1272",0.7999
"2013_1181_1274",0.7499
"2013_1181_1276",0.764
"2013_1181_1277",0.6103
"2013_1181_1278",0.6956
"2013_1181_1279",0.9083
"2013_1181_1281",0.7502
"2013_1181_1285",0.8441
"2013_1181_1292",0.9004
"2013_1181_1299",0.8753
"2013_1181_1301",0.7455
"2013_1181_1307",0.5344
"2013_1181_1308",0.875
"2013_1181_1314",0.915
"2013_1181_1322",0.958
"2013_1181_1323",0.8117
"2013_1181_1326",0.4995
"2013_1181_1328",0.8176
"2013_1181_1329",0.8897
"2013_1181_1332",0.8892
"2013_1181_1334",0.7861
"2013_1181_1338",0.8195
"2013_1181_1355",0.93
"2013_1181_1361",0.804
"2013_1181_1380",0.9325
"2013_1181_1387",0.8138
"2013_1181_1388",0.8846
"2013_1181_1393",0.8079
"2013_1181_1396",0.9276
"2013_1181_1417",0.8924
"2013_1181_1424",0.8445
"2013_1181_1433",0.8522
"2013_1181_1434",0.8786
"2013_1181_1437",0.8682
"2013_1181_1443",0.9344
"2013_1181_1455",0.766
"2013_1181_1458",0.8195
"2013_1195_1196",0.001
"2013_1195_1207",0.0159
"2013_1195_1211",0.0011
"2013_1195_1217",0.262
"2013_1195_1228",0.2844
"2013_1195_1231",0.0236
"2013_1195_1233",0.1689
"2013_1195_1235",0.163
"2013_1195_1241",0.2709
"2013_1195_1242",0.0016
"2013_1195_1243",0.3303
"2013_1195_1247",0.2065
"2013_1195_1251",0.327
"2013_1195_1254",0.1105
"2013_1195_1257",0
"2013_1195_1266",0.0031
"2013_1195_1272",0.0495
"2013_1195_1274",0.0017
"2013_1195_1276",0.0487
"2013_1195_1277",0.0063
"2013_1195_1278",0.1787
"2013_1195_1279",0.0842
"2013_1195_1281",0.0542
"2013_1195_1285",0.093
"2013_1195_1292",0.0826
"2013_1195_1299",0.327
"2013_1195_1301",0.0473
"2013_1195_1307",6e-04
"2013_1195_1308",0.1569
"2013_1195_1314",0.2066
"2013_1195_1322",0.2606
"2013_1195_1323",0.2587
"2013_1195_1326",0.0011
"2013_1195_1328",0.1482
"2013_1195_1329",0.023
"2013_1195_1332",0.1815
"2013_1195_1334",0.1077
"2013_1195_1338",0.0661
"2013_1195_1355",0.2399
"2013_1195_1361",0.2372
"2013_1195_1380",0.0969
"2013_1195_1387",0.007
"2013_1195_1388",0.0652
"2013_1195_1393",0.0421
"2013_1195_1396",0.0975
"2013_1195_1417",0.322
"2013_1195_1424",0.1188
"2013_1195_1433",0.0255
"2013_1195_1434",0.1639
"2013_1195_1437",0.2175
"2013_1195_1443",0.0955
"2013_1195_1455",0.0707
"2013_1195_1458",0.0687
"2013_1196_1207",0.7913
"2013_1196_1211",0.7444
"2013_1196_1217",0.9356
"2013_1196_1228",0.8291
"2013_1196_1231",0.8054
"2013_1196_1233",0.7861
"2013_1196_1235",0.6567
"2013_1196_1241",0.8764
"2013_1196_1242",0.67
"2013_1196_1243",0.8772
"2013_1196_1247",0.7322
"2013_1196_1251",0.8645
"2013_1196_1254",0.8482
"2013_1196_1257",0.4438
"2013_1196_1266",0.7481
"2013_1196_1272",0.7845
"2013_1196_1274",0.805
"2013_1196_1276",0.7687
"2013_1196_1277",0.671
"2013_1196_1278",0.5963
"2013_1196_1279",0.8686
"2013_1196_1281",0.7029
"2013_1196_1285",0.8658
"2013_1196_1292",0.8573
"2013_1196_1299",0.8645
"2013_1196_1301",0.7174
"2013_1196_1307",0.6201
"2013_1196_1308",0.8459
"2013_1196_1314",0.8774
"2013_1196_1322",0.9477
"2013_1196_1323",0.7398
"2013_1196_1326",0.6337
"2013_1196_1328",0.7336
"2013_1196_1329",0.8539
"2013_1196_1332",0.8409
"2013_1196_1334",0.8238
"2013_1196_1338",0.7826
"2013_1196_1355",0.9194
"2013_1196_1361",0.7421
"2013_1196_1380",0.9131
"2013_1196_1387",0.7834
"2013_1196_1388",0.8177
"2013_1196_1393",0.8213
"2013_1196_1396",0.8808
"2013_1196_1417",0.8772
"2013_1196_1424",0.8361
"2013_1196_1433",0.8202
"2013_1196_1434",0.9175
"2013_1196_1437",0.7846
"2013_1196_1443",0.9149
"2013_1196_1455",0.6827
"2013_1196_1458",0.7699
"2013_1207_1211",0.3835
"2013_1207_1217",0.8239
"2013_1207_1228",0.886
"2013_1207_1231",0.5068
"2013_1207_1233",0.5587
"2013_1207_1235",0.6387
"2013_1207_1241",0.781
"2013_1207_1242",0.339
"2013_1207_1243",0.6853
"2013_1207_1247",0.6991
"2013_1207_1251",0.6687
"2013_1207_1254",0.655
"2013_1207_1257",0.1558
"2013_1207_1266",0.3606
"2013_1207_1272",0.6663
"2013_1207_1274",0.2651
"2013_1207_1276",0.5477
"2013_1207_1277",0.2966
"2013_1207_1278",0.5656
"2013_1207_1279",0.6227
"2013_1207_1281",0.5969
"2013_1207_1285",0.6597
"2013_1207_1292",0.7614
"2013_1207_1299",0.6687
"2013_1207_1301",0.5609
"2013_1207_1307",0.2041
"2013_1207_1308",0.5399
"2013_1207_1314",0.7342
"2013_1207_1322",0.8468
"2013_1207_1323",0.7304
"2013_1207_1326",0.2497
"2013_1207_1328",0.7997
"2013_1207_1329",0.582
"2013_1207_1332",0.5957
"2013_1207_1334",0.6189
"2013_1207_1338",0.6292
"2013_1207_1355",0.8149
"2013_1207_1361",0.7274
"2013_1207_1380",0.7055
"2013_1207_1387",0.6609
"2013_1207_1388",0.6088
"2013_1207_1393",0.4627
"2013_1207_1396",0.8463
"2013_1207_1417",0.722
"2013_1207_1424",0.6367
"2013_1207_1433",0.5719
"2013_1207_1434",0.7113
"2013_1207_1437",0.8728
"2013_1207_1443",0.7074
"2013_1207_1455",0.6866
"2013_1207_1458",0.657
"2013_1211_1217",0.9853
"2013_1211_1228",0.9051
"2013_1211_1231",0.7523
"2013_1211_1233",0.9368
"2013_1211_1235",0.772
"2013_1211_1241",0.9499
"2013_1211_1242",0.4485
"2013_1211_1243",0.9199
"2013_1211_1247",0.8711
"2013_1211_1251",0.9652
"2013_1211_1254",0.9484
"2013_1211_1257",0.605
"2013_1211_1266",0.8188
"2013_1211_1272",0.781
"2013_1211_1274",0.7484
"2013_1211_1276",0.7568
"2013_1211_1277",0.653
"2013_1211_1278",0.7107
"2013_1211_1279",0.9576
"2013_1211_1281",0.8078
"2013_1211_1285",0.9459
"2013_1211_1292",0.9215
"2013_1211_1299",0.9652
"2013_1211_1301",0.8365
"2013_1211_1307",0.4542
"2013_1211_1308",0.982
"2013_1211_1314",0.9556
"2013_1211_1322",0.9891
"2013_1211_1323",0.8376
"2013_1211_1326",0.4126
"2013_1211_1328",0.8142
"2013_1211_1329",0.9445
"2013_1211_1332",0.9488
"2013_1211_1334",0.9191
"2013_1211_1338",0.8695
"2013_1211_1355",0.977
"2013_1211_1361",0.8433
"2013_1211_1380",0.9876
"2013_1211_1387",0.7585
"2013_1211_1388",0.9008
"2013_1211_1393",0.8642
"2013_1211_1396",0.9593
"2013_1211_1417",0.9094
"2013_1211_1424",0.8652
"2013_1211_1433",0.9044
"2013_1211_1434",0.9607
"2013_1211_1437",0.8743
"2013_1211_1443",0.9889
"2013_1211_1455",0.785
"2013_1211_1458",0.8537
"2013_1217_1228",0.3383
"2013_1217_1231",0.0257
"2013_1217_1233",0.2716
"2013_1217_1235",0.2098
"2013_1217_1241",0.3493
"2013_1217_1242",0.004
"2013_1217_1243",0.3614
"2013_1217_1247",0.2848
"2013_1217_1251",0.3818
"2013_1217_1254",0.2051
"2013_1217_1257",6e-04
"2013_1217_1266",0.0033
"2013_1217_1272",0.0616
"2013_1217_1274",0.0052
"2013_1217_1276",0.0645
"2013_1217_1277",0.008
"2013_1217_1278",0.2187
"2013_1217_1279",0.1458
"2013_1217_1281",0.0723
"2013_1217_1285",0.1662
"2013_1217_1292",0.1464
"2013_1217_1299",0.3818
"2013_1217_1301",0.0614
"2013_1217_1307",0.0028
"2013_1217_1308",0.2504
"2013_1217_1314",0.2541
"2013_1217_1322",0.3548
"2013_1217_1323",0.305
"2013_1217_1326",0.0014
"2013_1217_1328",0.2012
"2013_1217_1329",0.0353
"2013_1217_1332",0.2375
"2013_1217_1334",0.1877
"2013_1217_1338",0.0838
"2013_1217_1355",0.3292
"2013_1217_1361",0.2731
"2013_1217_1380",0.196
"2013_1217_1387",0.015
"2013_1217_1388",0.1254
"2013_1217_1393",0.058
"2013_1217_1396",0.172
"2013_1217_1417",0.3765
"2013_1217_1424",0.1421
"2013_1217_1433",0.0363
"2013_1217_1434",0.2511
"2013_1217_1437",0.2822
"2013_1217_1443",0.1949
"2013_1217_1455",0.0909
"2013_1217_1458",0.0788
"2013_1228_1231",0.1217
"2013_1228_1233",0.4014
"2013_1228_1235",0.2472
"2013_1228_1241",0.4262
"2013_1228_1242",0.0595
"2013_1228_1243",0.5721
"2013_1228_1247",0.328
"2013_1228_1251",0.4474
"2013_1228_1254",0.3931
"2013_1228_1257",0.0306
"2013_1228_1266",0.2098
"2013_1228_1272",0.1959
"2013_1228_1274",0.1934
"2013_1228_1276",0.1933
"2013_1228_1277",0.115
"2013_1228_1278",0.2776
"2013_1228_1279",0.2352
"2013_1228_1281",0.1272
"2013_1228_1285",0.3205
"2013_1228_1292",0.2383
"2013_1228_1299",0.4474
"2013_1228_1301",0.119
"2013_1228_1307",0.0902
"2013_1228_1308",0.345
"2013_1228_1314",0.2844
"2013_1228_1322",0.4213
"2013_1228_1323",0.3718
"2013_1228_1326",0.0441
"2013_1228_1328",0.2402
"2013_1228_1329",0.1977
"2013_1228_1332",0.2819
"2013_1228_1334",0.3665
"2013_1228_1338",0.2153
"2013_1228_1355",0.3761
"2013_1228_1361",0.3706
"2013_1228_1380",0.3904
"2013_1228_1387",0.1915
"2013_1228_1388",0.2007
"2013_1228_1393",0.2572
"2013_1228_1396",0.2225
"2013_1228_1417",0.5496
"2013_1228_1424",0.3707
"2013_1228_1433",0.1817
"2013_1228_1434",0.4046
"2013_1228_1437",0.2543
"2013_1228_1443",0.389
"2013_1228_1455",0.1602
"2013_1228_1458",0.2523
"2013_1231_1233",0.8841
"2013_1231_1235",0.8146
"2013_1231_1241",0.9553
"2013_1231_1242",0.3989
"2013_1231_1243",0.9374
"2013_1231_1247",0.8371
"2013_1231_1251",0.9713
"2013_1231_1254",0.9591
"2013_1231_1257",0.3886
"2013_1231_1266",0.7759
"2013_1231_1272",0.8368
"2013_1231_1274",0.6302
"2013_1231_1276",0.7774
"2013_1231_1277",0.5871
"2013_1231_1278",0.7482
"2013_1231_1279",0.9424
"2013_1231_1281",0.8578
"2013_1231_1285",0.9409
"2013_1231_1292",0.9187
"2013_1231_1299",0.9713
"2013_1231_1301",0.8655
"2013_1231_1307",0.4289
"2013_1231_1308",0.9284
"2013_1231_1314",0.9598
"2013_1231_1322",0.9716
"2013_1231_1323",0.865
"2013_1231_1326",0.3288
"2013_1231_1328",0.8392
"2013_1231_1329",0.9547
"2013_1231_1332",0.9226
"2013_1231_1334",0.9255
"2013_1231_1338",0.9025
"2013_1231_1355",0.9526
"2013_1231_1361",0.8733
"2013_1231_1380",0.9867
"2013_1231_1387",0.8076
"2013_1231_1388",0.9177
"2013_1231_1393",0.8262
"2013_1231_1396",0.9551
"2013_1231_1417",0.9468
"2013_1231_1424",0.9264
"2013_1231_1433",0.9292
"2013_1231_1434",0.9461
"2013_1231_1437",0.879
"2013_1231_1443",0.9876
"2013_1231_1455",0.8412
"2013_1231_1458",0.8863
"2013_1233_1235",0.1694
"2013_1233_1241",0.2815
"2013_1233_1242",0.0016
"2013_1233_1243",0.3382
"2013_1233_1247",0.2152
"2013_1233_1251",0.336
"2013_1233_1254",0.1222
"2013_1233_1257",0
"2013_1233_1266",0.0036
"2013_1233_1272",0.0501
"2013_1233_1274",0.0022
"2013_1233_1276",0.051
"2013_1233_1277",0.0088
"2013_1233_1278",0.185
"2013_1233_1279",0.0898
"2013_1233_1281",0.0554
"2013_1233_1285",0.1026
"2013_1233_1292",0.0871
"2013_1233_1299",0.336
"2013_1233_1301",0.0485
"2013_1233_1307",6e-04
"2013_1233_1308",0.1662
"2013_1233_1314",0.2116
"2013_1233_1322",0.2717
"2013_1233_1323",0.2675
"2013_1233_1326",0.0011
"2013_1233_1328",0.1538
"2013_1233_1329",0.024
"2013_1233_1332",0.1871
"2013_1233_1334",0.1177
"2013_1233_1338",0.0668
"2013_1233_1355",0.2495
"2013_1233_1361",0.2435
"2013_1233_1380",0.1093
"2013_1233_1387",0.0074
"2013_1233_1388",0.0705
"2013_1233_1393",0.0425
"2013_1233_1396",0.103
"2013_1233_1417",0.3292
"2013_1233_1424",0.1221
"2013_1233_1433",0.0265
"2013_1233_1434",0.1741
"2013_1233_1437",0.2268
"2013_1233_1443",0.1079
"2013_1233_1455",0.0734
"2013_1233_1458",0.0732
"2013_1235_1241",0.489
"2013_1235_1242",0.0794
"2013_1235_1243",0.7093
"2013_1235_1247",0.4463
"2013_1235_1251",0.4936
"2013_1235_1254",0.4542
"2013_1235_1257",0.0182
"2013_1235_1266",0.2406
"2013_1235_1272",0.1822
"2013_1235_1274",0.2783
"2013_1235_1276",0.2404
"2013_1235_1277",0.1593
"2013_1235_1278",0.4056
"2013_1235_1279",0.3597
"2013_1235_1281",0.1287
"2013_1235_1285",0.3692
"2013_1235_1292",0.3701
"2013_1235_1299",0.4936
"2013_1235_1301",0.1057
"2013_1235_1307",0.14
"2013_1235_1308",0.4118
"2013_1235_1314",0.4466
"2013_1235_1322",0.4895
"2013_1235_1323",0.7128
"2013_1235_1326",0.0369
"2013_1235_1328",0.4536
"2013_1235_1329",0.1594
"2013_1235_1332",0.3993
"2013_1235_1334",0.418
"2013_1235_1338",0.2369
"2013_1235_1355",0.4488
"2013_1235_1361",0.5698
"2013_1235_1380",0.4525
"2013_1235_1387",0.2332
"2013_1235_1388",0.3479
"2013_1235_1393",0.3577
"2013_1235_1396",0.3598
"2013_1235_1417",0.7036
"2013_1235_1424",0.4136
"2013_1235_1433",0.1401
"2013_1235_1434",0.4872
"2013_1235_1437",0.404
"2013_1235_1443",0.4512
"2013_1235_1455",0.2114
"2013_1235_1458",0.2835
"2013_1241_1242",0.0035
"2013_1241_1243",0.3293
"2013_1241_1247",0.1944
"2013_1241_1251",0.3077
"2013_1241_1254",0.0902
"2013_1241_1257",2e-04
"2013_1241_1266",0.0045
"2013_1241_1272",0.0574
"2013_1241_1274",0.0058
"2013_1241_1276",0.0611
"2013_1241_1277",0.0058
"2013_1241_1278",0.1877
"2013_1241_1279",0.1096
"2013_1241_1281",0.0722
"2013_1241_1285",0.0827
"2013_1241_1292",0.1014
"2013_1241_1299",0.3077
"2013_1241_1301",0.0618
"2013_1241_1307",0.0023
"2013_1241_1308",0.1478
"2013_1241_1314",0.2277
"2013_1241_1322",0.2524
"2013_1241_1323",0.2673
"2013_1241_1326",0.001
"2013_1241_1328",0.1539
"2013_1241_1329",0.0373
"2013_1241_1332",0.208
"2013_1241_1334",0.0886
"2013_1241_1338",0.0846
"2013_1241_1355",0.236
"2013_1241_1361",0.2428
"2013_1241_1380",0.0754
"2013_1241_1387",0.0133
"2013_1241_1388",0.0928
"2013_1241_1393",0.0586
"2013_1241_1396",0.1069
"2013_1241_1417",0.3413
"2013_1241_1424",0.1332
"2013_1241_1433",0.038
"2013_1241_1434",0.1482
"2013_1241_1437",0.2028
"2013_1241_1443",0.0744
"2013_1241_1455",0.0829
"2013_1241_1458",0.0721
"2013_1242_1243",0.9304
"2013_1242_1247",0.8841
"2013_1242_1251",0.9377
"2013_1242_1254",0.9182
"2013_1242_1257",0.2584
"2013_1242_1266",0.7523
"2013_1242_1272",0.749
"2013_1242_1274",0.6868
"2013_1242_1276",0.7696
"2013_1242_1277",0.5845
"2013_1242_1278",0.7699
"2013_1242_1279",0.9523
"2013_1242_1281",0.826
"2013_1242_1285",0.9044
"2013_1242_1292",0.9444
"2013_1242_1299",0.9377
"2013_1242_1301",0.8424
"2013_1242_1307",0.4243
"2013_1242_1308",0.9779
"2013_1242_1314",0.9718
"2013_1242_1322",0.9911
"2013_1242_1323",0.8764
"2013_1242_1326",0.3807
"2013_1242_1328",0.8718
"2013_1242_1329",0.9272
"2013_1242_1332",0.954
"2013_1242_1334",0.8707
"2013_1242_1338",0.8839
"2013_1242_1355",0.9798
"2013_1242_1361",0.8815
"2013_1242_1380",0.9754
"2013_1242_1387",0.7507
"2013_1242_1388",0.919
"2013_1242_1393",0.8465
"2013_1242_1396",0.9564
"2013_1242_1417",0.9299
"2013_1242_1424",0.8808
"2013_1242_1433",0.889
"2013_1242_1434",0.9263
"2013_1242_1437",0.9225
"2013_1242_1443",0.9779
"2013_1242_1455",0.8357
"2013_1242_1458",0.8676
"2013_1243_1247",0.3914
"2013_1243_1251",0.3721
"2013_1243_1254",0.3454
"2013_1243_1257",0.19
"2013_1243_1266",0.3073
"2013_1243_1272",0.3212
"2013_1243_1274",0.311
"2013_1243_1276",0.3182
"2013_1243_1277",0.2731
"2013_1243_1278",0.2971
"2013_1243_1279",0.221
"2013_1243_1281",0.3344
"2013_1243_1285",0.2523
"2013_1243_1292",0.2944
"2013_1243_1299",0.3721
"2013_1243_1301",0.2894
"2013_1243_1307",0.1633
"2013_1243_1308",0.1775
"2013_1243_1314",0.3929
"2013_1243_1322",0.5034
"2013_1243_1323",0.5111
"2013_1243_1326",0.2481
"2013_1243_1328",0.4457
"2013_1243_1329",0.2546
"2013_1243_1332",0.2988
"2013_1243_1334",0.3277
"2013_1243_1338",0.322
"2013_1243_1355",0.42
"2013_1243_1361",0.4453
"2013_1243_1380",0.3536
"2013_1243_1387",0.3269
"2013_1243_1388",0.184
"2013_1243_1393",0.2465
"2013_1243_1396",0.3349
"2013_1243_1417",0.5033
"2013_1243_1424",0.4099
"2013_1243_1433",0.262
"2013_1243_1434",0.4323
"2013_1243_1437",0.5036
"2013_1243_1443",0.3536
"2013_1243_1455",0.3835
"2013_1243_1458",0.3738
"2013_1247_1251",0.5987
"2013_1247_1254",0.5375
"2013_1247_1257",0.0273
"2013_1247_1266",0.105
"2013_1247_1272",0.2115
"2013_1247_1274",0.1095
"2013_1247_1276",0.1416
"2013_1247_1277",0.0664
"2013_1247_1278",0.4014
"2013_1247_1279",0.4183
"2013_1247_1281",0.1811
"2013_1247_1285",0.4449
"2013_1247_1292",0.428
"2013_1247_1299",0.5987
"2013_1247_1301",0.1644
"2013_1247_1307",0.0739
"2013_1247_1308",0.549
"2013_1247_1314",0.4851
"2013_1247_1322",0.5939
"2013_1247_1323",0.5615
"2013_1247_1326",0.0327
"2013_1247_1328",0.4046
"2013_1247_1329",0.1939
"2013_1247_1332",0.4684
"2013_1247_1334",0.4864
"2013_1247_1338",0.225
"2013_1247_1355",0.5585
"2013_1247_1361",0.5152
"2013_1247_1380",0.5341
"2013_1247_1387",0.1668
"2013_1247_1388",0.3909
"2013_1247_1393",0.2262
"2013_1247_1396",0.4424
"2013_1247_1417",0.7537
"2013_1247_1424",0.44
"2013_1247_1433",0.1911
"2013_1247_1434",0.5599
"2013_1247_1437",0.4203
"2013_1247_1443",0.533
"2013_1247_1455",0.1958
"2013_1247_1458",0.2721
"2013_1251_1254",0.0446
"2013_1251_1257",0.001
"2013_1251_1266",0.0242
"2013_1251_1272",0.0515
"2013_1251_1274",0.0209
"2013_1251_1276",0.0692
"2013_1251_1277",0.023
"2013_1251_1278",0.2164
"2013_1251_1279",0.0725
"2013_1251_1281",0.0897
"2013_1251_1285",0.0596
"2013_1251_1292",0.0685
"2013_1251_1299",0.3032
"2013_1251_1301",0.0807
"2013_1251_1307",0.0022
"2013_1251_1308",0.1076
"2013_1251_1314",0.2466
"2013_1251_1322",0.2788
"2013_1251_1323",0.289
"2013_1251_1326",0.0021
"2013_1251_1328",0.1882
"2013_1251_1329",0.0534
"2013_1251_1332",0.2252
"2013_1251_1334",0.0617
"2013_1251_1338",0.0973
"2013_1251_1355",0.2636
"2013_1251_1361",0.2691
"2013_1251_1380",0.0353
"2013_1251_1387",0.0097
"2013_1251_1388",0.0574
"2013_1251_1393",0.0677
"2013_1251_1396",0.0774
"2013_1251_1417",0.353
"2013_1251_1424",0.1529
"2013_1251_1433",0.0563
"2013_1251_1434",0.1144
"2013_1251_1437",0.2415
"2013_1251_1443",0.0342
"2013_1251_1455",0.1023
"2013_1251_1458",0.0956
"2013_1254_1257",0
"2013_1254_1266",0.0058
"2013_1254_1272",0.0492
"2013_1254_1274",0.0038
"2013_1254_1276",0.0498
"2013_1254_1277",0.0069
"2013_1254_1278",0.178
"2013_1254_1279",0.0747
"2013_1254_1281",0.0611
"2013_1254_1285",0.0637
"2013_1254_1292",0.0707
"2013_1254_1299",0.3035
"2013_1254_1301",0.0538
"2013_1254_1307",6e-04
"2013_1254_1308",0.1192
"2013_1254_1314",0.2147
"2013_1254_1322",0.24
"2013_1254_1323",0.2572
"2013_1254_1326",0.0011
"2013_1254_1328",0.146
"2013_1254_1329",0.0288
"2013_1254_1332",0.188
"2013_1254_1334",0.0681
"2013_1254_1338",0.072
"2013_1254_1355",0.2245
"2013_1254_1361",0.2373
"2013_1254_1380",0.0494
"2013_1254_1387",0.007
"2013_1254_1388",0.0581
"2013_1254_1393",0.0464
"2013_1254_1396",0.0802
"2013_1254_1417",0.3256
"2013_1254_1424",0.1253
"2013_1254_1433",0.0314
"2013_1254_1434",0.1223
"2013_1254_1437",0.2034
"2013_1254_1443",0.0481
"2013_1254_1455",0.0729
"2013_1254_1458",0.0708
"2013_1257_1266",0.8966
"2013_1257_1272",0.8283
"2013_1257_1274",0.9398
"2013_1257_1276",0.9036
"2013_1257_1277",0.8755
"2013_1257_1278",0.7136
"2013_1257_1279",0.9475
"2013_1257_1281",0.775
"2013_1257_1285",0.9571
"2013_1257_1292",0.8994
"2013_1257_1299",0.9821
"2013_1257_1301",0.8372
"2013_1257_1307",0.7706
"2013_1257_1308",0.9801
"2013_1257_1314",0.9596
"2013_1257_1322",0.9881
"2013_1257_1323",0.8574
"2013_1257_1326",0.7851
"2013_1257_1328",0.804
"2013_1257_1329",0.9716
"2013_1257_1332",0.9474
"2013_1257_1334",0.9351
"2013_1257_1338",0.8807
"2013_1257_1355",0.9771
"2013_1257_1361",0.8627
"2013_1257_1380",0.9951
"2013_1257_1387",0.8055
"2013_1257_1388",0.8664
"2013_1257_1393",0.9722
"2013_1257_1396",0.9341
"2013_1257_1417",0.9274
"2013_1257_1424",0.8936
"2013_1257_1433",0.9228
"2013_1257_1434",0.9665
"2013_1257_1437",0.8523
"2013_1257_1443",0.9963
"2013_1257_1455",0.774
"2013_1257_1458",0.8862
"2013_1266_1272",0.5934
"2013_1266_1274",0.2271
"2013_1266_1276",0.5197
"2013_1266_1277",0.2626
"2013_1266_1278",0.514
"2013_1266_1279",0.5932
"2013_1266_1281",0.5597
"2013_1266_1285",0.6477
"2013_1266_1292",0.7191
"2013_1266_1299",0.6223
"2013_1266_1301",0.5121
"2013_1266_1307",0.1414
"2013_1266_1308",0.5033
"2013_1266_1314",0.6925
"2013_1266_1322",0.7842
"2013_1266_1323",0.6839
"2013_1266_1326",0.2197
"2013_1266_1328",0.7453
"2013_1266_1329",0.462
"2013_1266_1332",0.5487
"2013_1266_1334",0.6196
"2013_1266_1338",0.5318
"2013_1266_1355",0.7655
"2013_1266_1361",0.6791
"2013_1266_1380",0.6439
"2013_1266_1387",0.5718
"2013_1266_1388",0.5522
"2013_1266_1393",0.3875
"2013_1266_1396",0.8075
"2013_1266_1417",0.7026
"2013_1266_1424",0.6164
"2013_1266_1433",0.4762
"2013_1266_1434",0.7455
"2013_1266_1437",0.801
"2013_1266_1443",0.6452
"2013_1266_1455",0.6248
"2013_1266_1458",0.591
"2013_1272_1274",0.3277
"2013_1272_1276",0.5143
"2013_1272_1277",0.3268
"2013_1272_1278",0.7173
"2013_1272_1279",0.7048
"2013_1272_1281",0.5351
"2013_1272_1285",0.7963
"2013_1272_1292",0.9179
"2013_1272_1299",0.8131
"2013_1272_1301",0.529
"2013_1272_1307",0.168
"2013_1272_1308",0.8403
"2013_1272_1314",0.7735
"2013_1272_1322",0.8773
"2013_1272_1323",0.7978
"2013_1272_1326",0.219
"2013_1272_1328",0.8962
"2013_1272_1329",0.5229
"2013_1272_1332",0.6828
"2013_1272_1334",0.7829
"2013_1272_1338",0.5407
"2013_1272_1355",0.8748
"2013_1272_1361",0.7934
"2013_1272_1380",0.8246
"2013_1272_1387",0.5203
"2013_1272_1388",0.6908
"2013_1272_1393",0.4648
"2013_1272_1396",0.9106
"2013_1272_1417",0.7753
"2013_1272_1424",0.6589
"2013_1272_1433",0.5211
"2013_1272_1434",0.8429
"2013_1272_1437",0.8908
"2013_1272_1443",0.8247
"2013_1272_1455",0.6313
"2013_1272_1458",0.6406
"2013_1274_1276",0.5369
"2013_1274_1277",0.2775
"2013_1274_1278",0.5859
"2013_1274_1279",0.752
"2013_1274_1281",0.5235
"2013_1274_1285",0.6788
"2013_1274_1292",0.8047
"2013_1274_1299",0.6772
"2013_1274_1301",0.4783
"2013_1274_1307",0.1841
"2013_1274_1308",0.6494
"2013_1274_1314",0.7241
"2013_1274_1322",0.8605
"2013_1274_1323",0.6987
"2013_1274_1326",0.2312
"2013_1274_1328",0.7727
"2013_1274_1329",0.5647
"2013_1274_1332",0.692
"2013_1274_1334",0.6105
"2013_1274_1338",0.5919
"2013_1274_1355",0.8021
"2013_1274_1361",0.6811
"2013_1274_1380",0.7231
"2013_1274_1387",0.6376
"2013_1274_1388",0.7117
"2013_1274_1393",0.4641
"2013_1274_1396",0.845
"2013_1274_1417",0.6848
"2013_1274_1424",0.5741
"2013_1274_1433",0.5443
"2013_1274_1434",0.8081
"2013_1274_1437",0.8349
"2013_1274_1443",0.7255
"2013_1274_1455",0.642
"2013_1274_1458",0.6119
"2013_1276_1277",0.6724
"2013_1276_1278",0.5899
"2013_1276_1279",0.8401
"2013_1276_1281",0.6956
"2013_1276_1285",0.7472
"2013_1276_1292",0.8445
"2013_1276_1299",0.74
"2013_1276_1301",0.6858
"2013_1276_1307",0.6653
"2013_1276_1308",0.7627
"2013_1276_1314",0.8169
"2013_1276_1322",0.8762
"2013_1276_1323",0.712
"2013_1276_1326",0.6215
"2013_1276_1328",0.7201
"2013_1276_1329",0.8147
"2013_1276_1332",0.7725
"2013_1276_1334",0.6938
"2013_1276_1338",0.7608
"2013_1276_1355",0.8446
"2013_1276_1361",0.7098
"2013_1276_1380",0.782
"2013_1276_1387",0.8622
"2013_1276_1388",0.7969
"2013_1276_1393",0.7513
"2013_1276_1396",0.8828
"2013_1276_1417",0.8111
"2013_1276_1424",0.7715
"2013_1276_1433",0.7808
"2013_1276_1434",0.86
"2013_1276_1437",0.7513
"2013_1276_1443",0.7829
"2013_1276_1455",0.678
"2013_1276_1458",0.7266
"2013_1277_1278",0.4694
"2013_1277_1279",0.7824
"2013_1277_1281",0.5016
"2013_1277_1285",0.816
"2013_1277_1292",0.7983
"2013_1277_1299",0.7517
"2013_1277_1301",0.4714
"2013_1277_1307",0.3682
"2013_1277_1308",0.7553
"2013_1277_1314",0.6945
"2013_1277_1322",0.9003
"2013_1277_1323",0.5942
"2013_1277_1326",0.3422
"2013_1277_1328",0.6514
"2013_1277_1329",0.6169
"2013_1277_1332",0.6721
"2013_1277_1334",0.7624
"2013_1277_1338",0.5694
"2013_1277_1355",0.8667
"2013_1277_1361",0.5836
"2013_1277_1380",0.8014
"2013_1277_1387",0.7123
"2013_1277_1388",0.7087
"2013_1277_1393",0.5464
"2013_1277_1396",0.8572
"2013_1277_1417",0.693
"2013_1277_1424",0.6233
"2013_1277_1433",0.5898
"2013_1277_1434",0.922
"2013_1277_1437",0.7054
"2013_1277_1443",0.8029
"2013_1277_1455",0.5309
"2013_1277_1458",0.5756
"2013_1278_1279",0.4537
"2013_1278_1281",0.232
"2013_1278_1285",0.4316
"2013_1278_1292",0.4363
"2013_1278_1299",0.5536
"2013_1278_1301",0.2137
"2013_1278_1307",0.2383
"2013_1278_1308",0.4814
"2013_1278_1314",0.5226
"2013_1278_1322",0.4858
"2013_1278_1323",0.7378
"2013_1278_1326",0.0904
"2013_1278_1328",0.3198
"2013_1278_1329",0.2918
"2013_1278_1332",0.4177
"2013_1278_1334",0.4742
"2013_1278_1338",0.352
"2013_1278_1355",0.4437
"2013_1278_1361",0.6051
"2013_1278_1380",0.5189
"2013_1278_1387",0.3634
"2013_1278_1388",0.4344
"2013_1278_1393",0.3968
"2013_1278_1396",0.4937
"2013_1278_1417",0.7786
"2013_1278_1424",0.5184
"2013_1278_1433",0.2706
"2013_1278_1434",0.5452
"2013_1278_1437",0.4023
"2013_1278_1443",0.5177
"2013_1278_1455",0.2941
"2013_1278_1458",0.3963
"2013_1279_1281",0.2204
"2013_1279_1285",0.4599
"2013_1279_1292",0.4774
"2013_1279_1299",0.579
"2013_1279_1301",0.1863
"2013_1279_1307",0.1327
"2013_1279_1308",0.534
"2013_1279_1314",0.602
"2013_1279_1322",0.672
"2013_1279_1323",0.7939
"2013_1279_1326",0.0831
"2013_1279_1328",0.5963
"2013_1279_1329",0.1509
"2013_1279_1332",0.5642
"2013_1279_1334",0.4972
"2013_1279_1338",0.2712
"2013_1279_1355",0.6462
"2013_1279_1361",0.6635
"2013_1279_1380",0.5346
"2013_1279_1387",0.2011
"2013_1279_1388",0.3982
"2013_1279_1393",0.3413
"2013_1279_1396",0.4645
"2013_1279_1417",0.7693
"2013_1279_1424",0.4375
"2013_1279_1433",0.1535
"2013_1279_1434",0.5778
"2013_1279_1437",0.6128
"2013_1279_1443",0.5337
"2013_1279_1455",0.333
"2013_1279_1458",0.3606
"2013_1281_1285",0.489
"2013_1281_1292",0.5468
"2013_1281_1299",0.6013
"2013_1281_1301",0.2223
"2013_1281_1307",0.0518
"2013_1281_1308",0.5416
"2013_1281_1314",0.6743
"2013_1281_1322",0.7695
"2013_1281_1323",0.8466
"2013_1281_1326",0.0303
"2013_1281_1328",0.7547
"2013_1281_1329",0.1624
"2013_1281_1332",0.6252
"2013_1281_1334",0.52
"2013_1281_1338",0.2726
"2013_1281_1355",0.7518
"2013_1281_1361",0.7444
"2013_1281_1380",0.5848
"2013_1281_1387",0.2031
"2013_1281_1388",0.4032
"2013_1281_1393",0.2409
"2013_1281_1396",0.5264
"2013_1281_1417",0.7604
"2013_1281_1424",0.4846
"2013_1281_1433",0.1753
"2013_1281_1434",0.5809
"2013_1281_1437",0.7311
"2013_1281_1443",0.584
"2013_1281_1455",0.4139
"2013_1281_1458",0.3998
"2013_1285_1292",0.1466
"2013_1285_1299",0.3661
"2013_1285_1301",0.0939
"2013_1285_1307",0.0082
"2013_1285_1308",0.2531
"2013_1285_1314",0.2885
"2013_1285_1322",0.3435
"2013_1285_1323",0.3622
"2013_1285_1326",0.0067
"2013_1285_1328",0.208
"2013_1285_1329",0.0822
"2013_1285_1332",0.2175
"2013_1285_1334",0.2165
"2013_1285_1338",0.1191
"2013_1285_1355",0.3244
"2013_1285_1361",0.3379
"2013_1285_1380",0.2085
"2013_1285_1387",0.0283
"2013_1285_1388",0.1369
"2013_1285_1393",0.07
"2013_1285_1396",0.2013
"2013_1285_1417",0.4309
"2013_1285_1424",0.2043
"2013_1285_1433",0.0815
"2013_1285_1434",0.2662
"2013_1285_1437",0.3451
"2013_1285_1443",0.2072
"2013_1285_1455",0.1224
"2013_1285_1458",0.1507
"2013_1292_1299",0.5173
"2013_1292_1301",0.1058
"2013_1292_1307",0.0768
"2013_1292_1308",0.4532
"2013_1292_1314",0.3921
"2013_1292_1322",0.5975
"2013_1292_1323",0.5113
"2013_1292_1326",0.0366
"2013_1292_1328",0.3837
"2013_1292_1329",0.099
"2013_1292_1332",0.4121
"2013_1292_1334",0.4116
"2013_1292_1338",0.203
"2013_1292_1355",0.5657
"2013_1292_1361",0.4221
"2013_1292_1380",0.4533
"2013_1292_1387",0.1444
"2013_1292_1388",0.2428
"2013_1292_1393",0.3214
"2013_1292_1396",0.3066
"2013_1292_1417",0.6355
"2013_1292_1424",0.3243
"2013_1292_1433",0.0937
"2013_1292_1434",0.4738
"2013_1292_1437",0.4088
"2013_1292_1443",0.4521
"2013_1292_1455",0.1634
"2013_1292_1458",0.2158
"2013_1299_1301",0.0844
"2013_1299_1307",0.0034
"2013_1299_1308",0.124
"2013_1299_1314",0.2536
"2013_1299_1322",0.2997
"2013_1299_1323",0.2952
"2013_1299_1326",0.0033
"2013_1299_1328",0.1964
"2013_1299_1329",0.0564
"2013_1299_1332",0.2358
"2013_1299_1334",0.0746
"2013_1299_1338",0.1007
"2013_1299_1355",0.2818
"2013_1299_1361",0.2743
"2013_1299_1380",0.0576
"2013_1299_1387",0.0118
"2013_1299_1388",0.0666
"2013_1299_1393",0.07
"2013_1299_1396",0.0877
"2013_1299_1417",0.3595
"2013_1299_1424",0.1569
"2013_1299_1433",0.0595
"2013_1299_1434",0.125
"2013_1299_1437",0.2504
"2013_1299_1443",0.0565
"2013_1299_1455",0.1062
"2013_1299_1458",0.0986
"2013_1301_1307",0.0321
"2013_1301_1308",0.5814
"2013_1301_1314",0.6823
"2013_1301_1322",0.823
"2013_1301_1323",0.8232
"2013_1301_1326",0.0234
"2013_1301_1328",0.8572
"2013_1301_1329",0.1666
"2013_1301_1332",0.6344
"2013_1301_1334",0.5758
"2013_1301_1338",0.2764
"2013_1301_1355",0.8108
"2013_1301_1361",0.7432
"2013_1301_1380",0.6329
"2013_1301_1387",0.214
"2013_1301_1388",0.4005
"2013_1301_1393",0.2147
"2013_1301_1396",0.5813
"2013_1301_1417",0.7404
"2013_1301_1424",0.4914
"2013_1301_1433",0.1828
"2013_1301_1434",0.6337
"2013_1301_1437",0.8092
"2013_1301_1443",0.6321
"2013_1301_1455",0.4315
"2013_1301_1458",0.4106
"2013_1307_1308",0.889
"2013_1307_1314",0.8585
"2013_1307_1322",0.9535
"2013_1307_1323",0.7465
"2013_1307_1326",0.7081
"2013_1307_1328",0.7874
"2013_1307_1329",0.7729
"2013_1307_1332",0.8356
"2013_1307_1334",0.7232
"2013_1307_1338",0.7388
"2013_1307_1355",0.9298
"2013_1307_1361",0.7359
"2013_1307_1380",0.8294
"2013_1307_1387",0.8072
"2013_1307_1388",0.8359
"2013_1307_1393",0.7758
"2013_1307_1396",0.9329
"2013_1307_1417",0.7905
"2013_1307_1424",0.699
"2013_1307_1433",0.7258
"2013_1307_1434",0.8972
"2013_1307_1437",0.8347
"2013_1307_1443",0.832
"2013_1307_1455",0.6872
"2013_1307_1458",0.6984
"2013_1308_1314",0.4628
"2013_1308_1322",0.6655
"2013_1308_1323",0.5503
"2013_1308_1326",0.0239
"2013_1308_1328",0.4553
"2013_1308_1329",0.0938
"2013_1308_1332",0.4507
"2013_1308_1334",0.3978
"2013_1308_1338",0.1653
"2013_1308_1355",0.6423
"2013_1308_1361",0.5018
"2013_1308_1380",0.4453
"2013_1308_1387",0.0602
"2013_1308_1388",0.2414
"2013_1308_1393",0.124
"2013_1308_1396",0.3489
"2013_1308_1417",0.6504
"2013_1308_1424",0.3115
"2013_1308_1433",0.1051
"2013_1308_1434",0.4612
"2013_1308_1437",0.578
"2013_1308_1443",0.4441
"2013_1308_1455",0.2008
"2013_1308_1458",0.2139
"2013_1314_1322",0.5961
"2013_1314_1323",0.8102
"2013_1314_1326",0.1117
"2013_1314_1328",0.6512
"2013_1314_1329",0.2246
"2013_1314_1332",0.4576
"2013_1314_1334",0.3731
"2013_1314_1338",0.3045
"2013_1314_1355",0.5542
"2013_1314_1361",0.673
"2013_1314_1380",0.3908
"2013_1314_1387",0.2606
"2013_1314_1388",0.2215
"2013_1314_1393",0.3521
"2013_1314_1396",0.2533
"2013_1314_1417",0.6846
"2013_1314_1424",0.472
"2013_1314_1433",0.2207
"2013_1314_1434",0.4166
"2013_1314_1437",0.6233
"2013_1314_1443",0.3899
"2013_1314_1455",0.4074
"2013_1314_1458",0.4206
"2013_1322_1323",0.3045
"2013_1322_1326",0.0013
"2013_1322_1328",0.2007
"2013_1322_1329",0.0352
"2013_1322_1332",0.2373
"2013_1322_1334",0.186
"2013_1322_1338",0.0838
"2013_1322_1355",0.3288
"2013_1322_1361",0.2726
"2013_1322_1380",0.1944
"2013_1322_1387",0.0149
"2013_1322_1388",0.1251
"2013_1322_1393",0.0579
"2013_1322_1396",0.1716
"2013_1322_1417",0.3764
"2013_1322_1424",0.1419
"2013_1322_1433",0.0362
"2013_1322_1434",0.2496
"2013_1322_1437",0.2818
"2013_1322_1443",0.1933
"2013_1322_1455",0.0905
"2013_1322_1458",0.0781
"2013_1323_1326",0.0391
"2013_1323_1328",0.5113
"2013_1323_1329",0.1647
"2013_1323_1332",0.3394
"2013_1323_1334",0.3973
"2013_1323_1338",0.2244
"2013_1323_1355",0.4393
"2013_1323_1361",0.5408
"2013_1323_1380",0.4248
"2013_1323_1387",0.2125
"2013_1323_1388",0.2539
"2013_1323_1393",0.2796
"2013_1323_1396",0.3165
"2013_1323_1417",0.6249
"2013_1323_1424",0.4081
"2013_1323_1433",0.1486
"2013_1323_1434",0.4559
"2013_1323_1437",0.4505
"2013_1323_1443",0.4236
"2013_1323_1455",0.2283
"2013_1323_1458",0.2948
"2013_1326_1328",0.7693
"2013_1326_1329",0.7462
"2013_1326_1332",0.8445
"2013_1326_1334",0.6776
"2013_1326_1338",0.699
"2013_1326_1355",0.9089
"2013_1326_1361",0.7009
"2013_1326_1380",0.8285
"2013_1326_1387",0.6345
"2013_1326_1388",0.7883
"2013_1326_1393",0.7131
"2013_1326_1396",0.8414
"2013_1326_1417",0.6986
"2013_1326_1424",0.5876
"2013_1326_1433",0.6925
"2013_1326_1434",0.7847
"2013_1326_1437",0.8166
"2013_1326_1443",0.8307
"2013_1326_1455",0.6452
"2013_1326_1458",0.6555
"2013_1328_1329",0.1522
"2013_1328_1332",0.2712
"2013_1328_1334",0.3468
"2013_1328_1338",0.2051
"2013_1328_1355",0.3613
"2013_1328_1361",0.3431
"2013_1328_1380",0.3778
"2013_1328_1387",0.1994
"2013_1328_1388",0.2117
"2013_1328_1393",0.3393
"2013_1328_1396",0.2045
"2013_1328_1417",0.5486
"2013_1328_1424",0.3367
"2013_1328_1433",0.1313
"2013_1328_1434",0.4014
"2013_1328_1437",0.1995
"2013_1328_1443",0.3764
"2013_1328_1455",0.1209
"2013_1328_1458",0.2157
"2013_1329_1332",0.5516
"2013_1329_1334",0.6658
"2013_1329_1338",0.5641
"2013_1329_1355",0.8018
"2013_1329_1361",0.6934
"2013_1329_1380",0.6942
"2013_1329_1387",0.754
"2013_1329_1388",0.6279
"2013_1329_1393",0.3543
"2013_1329_1396",0.9004
"2013_1329_1417",0.7487
"2013_1329_1424",0.6877
"2013_1329_1433",0.5404
"2013_1329_1434",0.7838
"2013_1329_1437",0.8081
"2013_1329_1443",0.6944
"2013_1329_1455",0.6521
"2013_1329_1458",0.636
"2013_1332_1334",0.4522
"2013_1332_1338",0.2805
"2013_1332_1355",0.5835
"2013_1332_1361",0.6635
"2013_1332_1380",0.4919
"2013_1332_1387",0.2133
"2013_1332_1388",0.4011
"2013_1332_1393",0.3406
"2013_1332_1396",0.4232
"2013_1332_1417",0.7791
"2013_1332_1424",0.4566
"2013_1332_1433",0.1633
"2013_1332_1434",0.5344
"2013_1332_1437",0.554
"2013_1332_1443",0.4911
"2013_1332_1455",0.3427
"2013_1332_1458",0.3625
"2013_1334_1338",0.0924
"2013_1334_1355",0.1924
"2013_1334_1361",0.2346
"2013_1334_1380",0.094
"2013_1334_1387",0.0172
"2013_1334_1388",0.0889
"2013_1334_1393",0.0545
"2013_1334_1396",0.1074
"2013_1334_1417",0.2973
"2013_1334_1424",0.1328
"2013_1334_1433",0.0618
"2013_1334_1434",0.1756
"2013_1334_1437",0.2045
"2013_1334_1443",0.0927
"2013_1334_1455",0.0836
"2013_1334_1458",0.0996
"2013_1338_1355",0.847
"2013_1338_1361",0.8046
"2013_1338_1380",0.786
"2013_1338_1387",0.4282
"2013_1338_1388",0.6703
"2013_1338_1393",0.2444
"2013_1338_1396",0.8428
"2013_1338_1417",0.7837
"2013_1338_1424",0.6151
"2013_1338_1433",0.3571
"2013_1338_1434",0.817
"2013_1338_1437",0.8732
"2013_1338_1443",0.786
"2013_1338_1455",0.5645
"2013_1338_1458",0.5364
"2013_1355_1361",0.3409
"2013_1355_1380",0.2307
"2013_1355_1387",0.0162
"2013_1355_1388",0.1295
"2013_1355_1393",0.0703
"2013_1355_1396",0.1874
"2013_1355_1417",0.4775
"2013_1355_1424",0.1946
"2013_1355_1433",0.0446
"2013_1355_1434",0.2603
"2013_1355_1437",0.3303
"2013_1355_1443",0.2297
"2013_1355_1455",0.1135
"2013_1355_1458",0.1085
"2013_1361_1380",0.433
"2013_1361_1387",0.1784
"2013_1361_1388",0.2561
"2013_1361_1393",0.1802
"2013_1361_1396",0.3883
"2013_1361_1417",0.6043
"2013_1361_1424",0.3878
"2013_1361_1433",0.1158
"2013_1361_1434",0.4564
"2013_1361_1437",0.4498
"2013_1361_1443",0.4317
"2013_1361_1455",0.1818
"2013_1361_1458",0.2662
"2013_1380_1387",0.007
"2013_1380_1388",0.058
"2013_1380_1393",0.045
"2013_1380_1396",0.0801
"2013_1380_1417",0.3238
"2013_1380_1424",0.1234
"2013_1380_1433",0.0297
"2013_1380_1434",0.1223
"2013_1380_1437",0.2026
"2013_1380_1443",0.0482
"2013_1380_1455",0.0718
"2013_1380_1458",0.0698
"2013_1387_1388",0.5703
"2013_1387_1393",0.3766
"2013_1387_1396",0.865
"2013_1387_1417",0.6616
"2013_1387_1424",0.5528
"2013_1387_1433",0.4042
"2013_1387_1434",0.7873
"2013_1387_1437",0.8258
"2013_1387_1443",0.7033
"2013_1387_1455",0.6377
"2013_1387_1458",0.5619
"2013_1388_1393",0.3154
"2013_1388_1396",0.4275
"2013_1388_1417",0.7355
"2013_1388_1424",0.3731
"2013_1388_1433",0.1017
"2013_1388_1434",0.5481
"2013_1388_1437",0.5708
"2013_1388_1443",0.5147
"2013_1388_1455",0.2426
"2013_1388_1458",0.2747
"2013_1393_1396",0.9153
"2013_1393_1417",0.7691
"2013_1393_1424",0.7062
"2013_1393_1433",0.6741
"2013_1393_1434",0.9601
"2013_1393_1437",0.7847
"2013_1393_1443",0.7451
"2013_1393_1455",0.6066
"2013_1393_1458",0.6473
"2013_1396_1417",0.5355
"2013_1396_1424",0.2892
"2013_1396_1433",0.0862
"2013_1396_1434",0.3962
"2013_1396_1437",0.3369
"2013_1396_1443",0.3699
"2013_1396_1455",0.1506
"2013_1396_1458",0.2007
"2013_1417_1424",0.483
"2013_1417_1433",0.2412
"2013_1417_1434",0.4721
"2013_1417_1437",0.6587
"2013_1417_1443",0.4465
"2013_1417_1455",0.4547
"2013_1417_1458",0.4331
"2013_1424_1433",0.2747
"2013_1424_1434",0.5466
"2013_1424_1437",0.6621
"2013_1424_1443",0.4924
"2013_1424_1455",0.4302
"2013_1424_1458",0.3956
"2013_1433_1434",0.7548
"2013_1433_1437",0.8459
"2013_1433_1443",0.7126
"2013_1433_1455",0.7045
"2013_1433_1458",0.6719
"2013_1434_1437",0.5044
"2013_1434_1443",0.4626
"2013_1434_1455",0.2032
"2013_1434_1458",0.2467
"2013_1437_1443",0.3454
"2013_1437_1455",0.1163
"2013_1437_1458",0.2143
"2013_1443_1455",0.0711
"2013_1443_1458",0.0692
"2013_1455_1458",0.3473
