season,seed,team,BPI,
1985,W01,1207,,
1985,W02,1210,,
1985,W03,1228,,
1985,W04,1260,,
1985,W05,1374,,
1985,W06,1208,,
1985,W07,1393,,
1985,W08,1396,,
1985,W09,1439,,
1985,W10,1177,,
1985,W11,1455,,
1985,W12,1330,,
1985,W13,1233,,
1985,W14,1318,,
1985,W15,1273,,
1985,W16,1250,,
1985,X01,1385,,
1985,X02,1433,,
1985,X03,1301,,
1985,X04,1424,,
1985,X05,1449,,
1985,X06,1409,,
1985,X07,1104,,
1985,X08,1234,,
1985,X09,1116,,
1985,X10,1112,,
1985,X11,1431,,
1985,X12,1246,,
1985,X13,1361,,
1985,X14,1305,,
1985,X15,1267,,
1985,X16,1380,,
1985,Y01,1328,,
1985,Y02,1272,,
1985,Y03,1181,,
1985,Y04,1326,,
1985,Y05,1256,,
1985,Y06,1403,,
1985,Y07,1412,,
1985,Y08,1425,,
1985,Y09,1229,,
1985,Y10,1277,,
1985,Y11,1130,,
1985,Y12,1338,,
1985,Y13,1235,,
1985,Y14,1337,,
1985,Y15,1335,,
1985,Y16,1299,,
1985,Z01,1276,,
1985,Z02,1314,,
1985,Z03,1242,,
1985,Z04,1261,,
1985,Z05,1268,,
1985,Z06,1345,,
1985,Z07,1323,,
1985,Z08,1437,,
1985,Z09,1173,,
1985,Z10,1333,,
1985,Z11,1120,,
1985,Z12,1275,,
1985,Z13,1298,,
1985,Z14,1325,,
1985,Z15,1292,,
1985,Z16,1192,,
1986,W01,1181,,
1986,W02,1393,,
1986,W03,1231,,
1986,W04,1328,,
1986,W05,1438,,
1986,W06,1386,,
1986,W07,1298,,
1986,W08,1330,,
1986,W09,1452,,
1986,W10,1409,,
1986,W11,1350,,
1986,W12,1177,,
1986,W13,1318,,
1986,W14,1156,,
1986,W15,1135,,
1986,W16,1290,,
1986,X01,1242,,
1986,X02,1276,,
1986,X03,1323,,
1986,X04,1207,,
1986,X05,1277,,
1986,X06,1301,,
1986,X07,1235,,
1986,X08,1239,,
1986,X09,1396,,
1986,X10,1275,,
1986,X11,1234,,
1986,X12,1449,,
1986,X13,1403,,
1986,X14,1114,,
1986,X15,1103,,
1986,X16,1299,,
1986,Y01,1246,,
1986,Y02,1210,,
1986,Y03,1272,,
1986,Y04,1228,,
1986,Y05,1104,,
1986,Y06,1345,,
1986,Y07,1439,,
1986,Y08,1443,,
1986,Y09,1304,,
1986,Y10,1437,,
1986,Y11,1261,,
1986,Y12,1462,,
1986,Y13,1193,,
1986,Y14,1123,,
1986,Y15,1265,,
1986,Y16,1172,,
1986,Z01,1385,,
1986,Z02,1257,,
1986,Z03,1314,,
1986,Z04,1424,,
1986,Z05,1268,,
1986,Z06,1412,,
1986,Z07,1133,,
1986,Z08,1120,,
1986,Z09,1112,,
1986,Z10,1431,,
1986,Z11,1281,,
1986,Z12,1337,,
1986,Z13,1419,,
1986,Z14,1428,,
1986,Z15,1180,,
1986,Z16,1286,,
1987,W01,1314,,
1987,W02,1393,,
1987,W03,1345,,
1987,W04,1395,,
1987,W05,1323,,
1987,W06,1196,,
1987,W07,1452,,
1987,W08,1298,,
1987,W09,1276,,
1987,W10,1443,,
1987,W11,1301,,
1987,W12,1292,,
1987,W13,1267,,
1987,W14,1318,,
1987,W15,1204,,
1987,W16,1335,,
1987,X01,1207,,
1987,X02,1104,,
1987,X03,1228,,
1987,X04,1155,,
1987,X05,1242,,
1987,X06,1344,,
1987,X07,1309,,
1987,X08,1246,,
1987,X09,1326,,
1987,X10,1140,,
1987,X11,1412,,
1987,X12,1222,,
1987,X13,1283,,
1987,X14,1122,,
1987,X15,1299,,
1987,X16,1137,,
1987,Y01,1231,,
1987,Y02,1396,,
1987,Y03,1177,,
1987,Y04,1281,,
1987,Y05,1181,,
1987,Y06,1385,,
1987,Y07,1210,,
1987,Y08,1120,,
1987,Y09,1360,,
1987,Y10,1261,,
1987,Y11,1455,,
1987,Y12,1401,,
1987,Y13,1462,,
1987,Y14,1256,,
1987,Y15,1380,,
1987,Y16,1193,,
1987,Z01,1424,,
1987,Z02,1234,,
1987,Z03,1338,,
1987,Z04,1417,,
1987,Z05,1438,,
1987,Z06,1328,,
1987,Z07,1431,,
1987,Z08,1208,,
1987,Z09,1243,,
1987,Z10,1112,,
1987,Z11,1409,,
1987,Z12,1461,,
1987,Z13,1141,,
1987,Z14,1265,,
1987,Z15,1365,,
1987,Z16,1226,,
1988,W01,1396,,
1988,W02,1181,,
1988,W03,1393,,
1988,W04,1231,,
1988,W05,1210,,
1988,W06,1281,,
1988,W07,1374,,
1988,W08,1207,,
1988,W09,1261,,
1988,W10,1323,,
1988,W11,1348,,
1988,W12,1235,,
1988,W13,1350,,
1988,W14,1299,,
1988,W15,1131,,
1988,W16,1250,,
1988,X01,1345,,
1988,X02,1338,,
1988,X03,1301,,
1988,X04,1243,,
1988,X05,1177,,
1988,X06,1242,,
1988,X07,1435,,
1988,X08,1124,,
1988,X09,1272,,
1988,X10,1429,,
1988,X11,1462,,
1988,X12,1455,,
1988,X13,1247,,
1988,X14,1293,,
1988,X15,1185,,
1988,X16,1192,,
1988,Y01,1328,,
1988,Y02,1246,,
1988,Y03,1228,,
1988,Y04,1140,,
1988,Y05,1257,,
1988,Y06,1437,,
1988,Y07,1268,,
1988,Y08,1120,,
1988,Y09,1133,,
1988,Y10,1364,,
1988,Y11,1116,,
1988,Y12,1333,,
1988,Y13,1150,,
1988,Y14,1427,,
1988,Y15,1380,,
1988,Y16,1151,,
1988,Z01,1112,,
1988,Z02,1314,,
1988,Z03,1276,,
1988,Z04,1424,,
1988,Z05,1234,,
1988,Z06,1196,,
1988,Z07,1461,,
1988,Z08,1371,,
1988,Z09,1431,,
1988,Z10,1258,,
1988,Z11,1385,,
1988,Z12,1199,,
1988,Z13,1283,,
1988,Z14,1129,,
1988,Z15,1317,,
1988,Z16,1165,,
1989,W01,1207,,
1989,W02,1181,,
1989,W03,1390,,
1989,W04,1234,,
1989,W05,1301,,
1989,W06,1243,,
1989,W07,1452,,
1989,W08,1435,,
1989,W09,1323,,
1989,W10,1397,,
1989,W11,1278,,
1989,W12,1376,,
1989,W13,1353,,
1989,W14,1373,,
1989,W15,1354,,
1989,W16,1343,,
1989,X01,1112,,
1989,X02,1231,,
1989,X03,1371,,
1989,X04,1424,,
1989,X05,1272,,
1989,X06,1333,,
1989,X07,1431,,
1989,X08,1388,,
1989,X09,1155,,
1989,X10,1261,,
1989,X11,1191,,
1989,X12,1177,,
1989,X13,1225,,
1989,X14,1283,,
1989,X15,1206,,
1989,X16,1352,,
1989,Y01,1228,,
1989,Y02,1393,,
1989,Y03,1281,,
1989,Y04,1257,,
1989,Y05,1116,,
1989,Y06,1210,,
1989,Y07,1196,,
1989,Y08,1338,,
1989,Y09,1123,,
1989,Y10,1161,,
1989,Y11,1400,,
1989,Y12,1258,,
1989,Y13,1114,,
1989,Y14,1166,,
1989,Y15,1137,,
1989,Y16,1270,,
1989,Z01,1328,,
1989,Z02,1314,,
1989,Z03,1276,,
1989,Z04,1199,,
1989,Z05,1438,,
1989,Z06,1104,,
1989,Z07,1417,,
1989,Z08,1247,,
1989,Z09,1256,,
1989,Z10,1235,,
1989,Z11,1375,,
1989,Z12,1344,,
1989,Z13,1292,,
1989,Z14,1462,,
1989,Z15,1380,,
1989,Z16,1190,,
1990,W01,1163,,
1990,W02,1242,,
1990,W03,1181,,
1990,W04,1247,,
1990,W05,1155,,
1990,W06,1385,,
1990,W07,1417,,
1990,W08,1231,,
1990,W09,1143,,
1990,W10,1412,,
1990,W11,1396,,
1990,W12,1140,,
1990,W13,1379,,
1990,W14,1350,,
1990,W15,1352,,
1990,W16,1131,,
1990,X01,1328,,
1990,X02,1345,,
1990,X03,1207,,
1990,X04,1116,,
1990,X05,1228,,
1990,X06,1462,,
1990,X07,1208,,
1990,X08,1314,,
1990,X09,1283,,
1990,X10,1400,,
1990,X11,1243,,
1990,X12,1173,,
1990,X13,1343,,
1990,X14,1411,,
1990,X15,1419,,
1990,X16,1406,,
1990,Y01,1277,,
1990,Y02,1393,,
1990,Y03,1281,,
1990,Y04,1210,,
1990,Y05,1261,,
1990,Y06,1278,,
1990,Y07,1438,,
1990,Y08,1222,,
1990,Y09,1364,,
1990,Y10,1323,,
1990,Y11,1431,,
1990,Y12,1437,,
1990,Y13,1190,,
1990,Y14,1320,,
1990,Y15,1164,,
1990,Y16,1293,,
1990,Z01,1424,,
1990,Z02,1112,,
1990,Z03,1276,,
1990,Z04,1257,,
1990,Z05,1333,,
1990,Z06,1308,,
1990,Z07,1104,,
1990,Z08,1326,,
1990,Z09,1344,,
1990,Z10,1161,,
1990,Z11,1258,,
1990,Z12,1123,,
1990,Z13,1225,,
1990,Z14,1229,,
1990,Z15,1378,,
1990,Z16,1114,,
1991,W01,1314,,
1991,W02,1393,,
1991,W03,1329,,
1991,W04,1417,,
1991,W05,1280,,
1991,W06,1301,,
1991,W07,1345,,
1991,W08,1343,,
1991,W09,1437,,
1991,W10,1396,,
1991,W11,1379,,
1991,W12,1185,,
1991,W13,1336,,
1991,W14,1307,,
1991,W15,1350,,
1991,W16,1318,,
1991,X01,1116,,
1991,X02,1231,,
1991,X03,1242,,
1991,X04,1104,,
1991,X05,1448,,
1991,X06,1338,,
1991,X07,1199,,
1991,X08,1113,,
1991,X09,1353,,
1991,X10,1425,,
1991,X11,1208,,
1991,X12,1256,,
1991,X13,1293,,
1991,X14,1309,,
1991,X15,1157,,
1991,X16,1209,,
1991,Y01,1326,,
1991,Y02,1181,,
1991,Y03,1304,,
1991,Y04,1385,,
1991,Y05,1400,,
1991,Y06,1261,,
1991,Y07,1234,,
1991,Y08,1210,,
1991,Y09,1177,,
1991,Y10,1190,,
1991,Y11,1163,,
1991,Y12,1389,,
1991,Y13,1296,,
1991,Y14,1462,,
1991,Y15,1419,,
1991,Y16,1406,,
1991,Z01,1424,,
1991,Z02,1112,,
1991,Z03,1371,,
1991,Z04,1428,,
1991,Z05,1277,,
1991,Z06,1308,,
1991,Z07,1438,,
1991,Z08,1207,,
1991,Z09,1435,,
1991,Z10,1140,,
1991,Z11,1166,,
1991,Z12,1453,,
1991,Z13,1375,,
1991,Z14,1337,,
1991,Z15,1384,,
1991,Z16,1285,,
1992,W01,1181,,
1992,W02,1246,,
1992,W03,1269,,
1992,W04,1371,,
1992,W05,1281,,
1992,W06,1393,,
1992,W07,1150,,
1992,W08,1400,,
1992,W09,1234,,
1992,W10,1235,,
1992,W11,1343,,
1992,W12,1452,,
1992,W13,1247,,
1992,W14,1200,,
1992,W15,1330,,
1992,W16,1144,,
1992,X01,1417,,
1992,X02,1231,,
1992,X03,1199,,
1992,X04,1328,,
1992,X05,1177,,
1992,X06,1207,,
1992,X07,1261,,
1992,X08,1257,,
1992,X09,1448,,
1992,X10,1140,,
1992,X11,1378,,
1992,X12,1308,,
1992,X13,1418,,
1992,X14,1285,,
1992,X15,1183,,
1992,X16,1352,,
1992,Y01,1242,,
1992,Y02,1425,,
1992,Y03,1116,,
1992,Y04,1153,,
1992,Y05,1277,,
1992,Y06,1272,,
1992,Y07,1210,,
1992,Y08,1191,,
1992,Y09,1431,,
1992,Y10,1222,,
1992,Y11,1337,,
1992,Y12,1283,,
1992,Y13,1174,,
1992,Y14,1293,,
1992,Y15,1419,,
1992,Y16,1224,,
1992,Z01,1326,,
1992,Z02,1329,,
1992,Z03,1112,,
1992,Z04,1314,,
1992,Z05,1104,,
1992,Z06,1276,,
1992,Z07,1385,,
1992,Z08,1304,,
1992,Z09,1163,,
1992,Z10,1408,,
1992,Z11,1396,,
1992,Z12,1390,,
1992,Z13,1275,,
1992,Z14,1190,,
1992,Z15,1204,,
1992,Z16,1290,,
1993,W01,1314,,
1993,W02,1153,,
1993,W03,1269,,
1993,W04,1116,,
1993,W05,1385,,
1993,W06,1438,,
1993,W07,1308,,
1993,W08,1348,,
1993,W09,1345,,
1993,W10,1304,,
1993,W11,1264,,
1993,W12,1403,,
1993,W13,1221,,
1993,W14,1335,,
1993,W15,1164,,
1993,W16,1187,,
1993,X01,1231,,
1993,X02,1242,,
1993,X03,1181,,
1993,X04,1257,,
1993,X05,1329,,
1993,X06,1143,,
1993,X07,1140,,
1993,X08,1309,,
1993,X09,1462,,
1993,X10,1374,,
1993,X11,1261,,
1993,X12,1266,,
1993,X13,1174,,
1993,X14,1356,,
1993,X15,1123,,
1993,X16,1460,,
1993,Y01,1246,,
1993,Y02,1371,,
1993,Y03,1199,,
1993,Y04,1234,,
1993,Y05,1448,,
1993,Y06,1243,,
1993,Y07,1443,,
1993,Y08,1428,,
1993,Y09,1338,,
1993,Y10,1272,,
1993,Y11,1408,,
1993,Y12,1151,,
1993,Y13,1419,,
1993,Y14,1191,,
1993,Y15,1398,,
1993,Y16,1351,,
1993,Z01,1276,,
1993,Z02,1112,,
1993,Z03,1435,,
1993,Z04,1210,,
1993,Z05,1307,,
1993,Z06,1228,,
1993,Z07,1396,,
1993,Z08,1235,,
1993,Z09,1417,,
1993,Z10,1281,,
1993,Z11,1253,,
1993,Z12,1203,,
1993,Z13,1380,,
1993,Z14,1129,,
1993,Z15,1365,,
1993,Z16,1157,,
1994,W01,1314,,
1994,W02,1163,,
1994,W03,1196,,
1994,W04,1396,,
1994,W05,1231,,
1994,W06,1304,,
1994,W07,1412,,
1994,W08,1450,,
1994,W09,1130,,
1994,W10,1203,,
1994,W11,1335,,
1994,W12,1325,,
1994,W13,1180,,
1994,W14,1241,,
1994,W15,1351,,
1994,W16,1251,,
1994,X01,1345,,
1994,X02,1181,,
1994,X03,1246,,
1994,X04,1242,,
1994,X05,1448,,
1994,X06,1266,,
1994,X07,1277,,
1994,X08,1344,,
1994,X09,1104,,
1994,X10,1371,,
1994,X11,1418,,
1994,X12,1158,,
1994,X13,1151,,
1994,X14,1398,,
1994,X15,1411,,
1994,X16,1416,,
1994,Y01,1116,,
1994,Y02,1269,,
1994,Y03,1276,,
1994,Y04,1329,,
1994,Y05,1417,,
1994,Y06,1400,,
1994,Y07,1387,,
1994,Y08,1228,,
1994,Y09,1207,,
1994,Y10,1268,,
1994,Y11,1443,,
1994,Y12,1409,,
1994,Y13,1308,,
1994,Y14,1337,,
1994,Y15,1402,,
1994,Y16,1299,,
1994,Z01,1281,,
1994,Z02,1112,,
1994,Z03,1257,,
1994,Z04,1393,,
1994,Z05,1143,,
1994,Z06,1278,,
1994,Z07,1438,,
1994,Z08,1153,,
1994,Z09,1458,,
1994,Z10,1307,,
1994,Z11,1356,,
1994,Z12,1453,,
1994,Z13,1218,,
1994,Z14,1129,,
1994,Z15,1259,,
1994,Z16,1298,,
1995,W01,1448,,
1995,W02,1269,,
1995,W03,1437,,
1995,W04,1329,,
1995,W05,1104,,
1995,W06,1409,,
1995,W07,1150,,
1995,W08,1278,,
1995,W09,1387,,
1995,W10,1390,,
1995,W11,1228,,
1995,W12,1335,,
1995,W13,1180,,
1995,W14,1330,,
1995,W15,1389,,
1995,W16,1299,,
1995,X01,1417,,
1995,X02,1163,,
1995,X03,1268,,
1995,X04,1428,,
1995,X05,1280,,
1995,X06,1332,,
1995,X07,1153,,
1995,X08,1281,,
1995,X09,1231,,
1995,X10,1396,,
1995,X11,1400,,
1995,X12,1365,,
1995,X13,1253,,
1995,X14,1211,,
1995,X15,1151,,
1995,X16,1198,,
1995,Y01,1242,,
1995,Y02,1116,,
1995,Y03,1345,,
1995,Y04,1438,,
1995,Y05,1112,,
1995,Y06,1272,,
1995,Y07,1393,,
1995,Y08,1443,,
1995,Y09,1276,,
1995,Y10,1356,,
1995,Y11,1257,,
1995,Y12,1275,,
1995,Y13,1311,,
1995,Y14,1453,,
1995,Y15,1411,,
1995,Y16,1159,,
1995,Z01,1246,,
1995,Z02,1314,,
1995,Z03,1277,,
1995,Z04,1328,,
1995,Z05,1113,,
1995,Z06,1207,,
1995,Z07,1235,,
1995,Z08,1140,,
1995,Z09,1408,,
1995,Z10,1196,,
1995,Z11,1462,,
1995,Z12,1123,,
1995,Z13,1264,,
1995,Z14,1451,,
1995,Z15,1293,,
1995,Z16,1291,,
1996,W01,1269,,
1996,W02,1207,,
1996,W03,1403,,
1996,W04,1266,,
1996,W05,1336,,
1996,W06,1314,,
1996,W07,1307,,
1996,W08,1133,,
1996,W09,1390,,
1996,W10,1243,,
1996,W11,1309,,
1996,W12,1116,,
1996,W13,1284,,
1996,W14,1296,,
1996,W15,1290,,
1996,W16,1416,,
1996,X01,1246,,
1996,X02,1448,,
1996,X03,1437,,
1996,X04,1428,,
1996,X05,1235,,
1996,X06,1257,,
1996,X07,1276,,
1996,X08,1453,,
1996,X09,1439,,
1996,X10,1400,,
1996,X11,1409,,
1996,X12,1143,,
1996,X13,1145,,
1996,X14,1339,,
1996,X15,1419,,
1996,X16,1363,,
1996,Y01,1163,,
1996,Y02,1153,,
1996,Y03,1210,,
1996,Y04,1417,,
1996,Y05,1280,,
1996,Y06,1231,,
1996,Y07,1396,,
1996,Y08,1181,,
1996,Y09,1185,,
1996,Y10,1328,,
1996,Y11,1130,,
1996,Y12,1433,,
1996,Y13,1343,,
1996,Y14,1122,,
1996,Y15,1422,,
1996,Y16,1159,,
1996,Z01,1345,,
1996,Z02,1242,,
1996,Z03,1112,,
1996,Z04,1393,,
1996,Z05,1272,,
1996,Z06,1234,,
1996,Z07,1268,,
1996,Z08,1208,,
1996,Z09,1155,,
1996,Z10,1365,,
1996,Z11,1203,,
1996,Z12,1180,,
1996,Z13,1286,,
1996,Z14,1434,,
1996,Z15,1354,,
1996,Z16,1441,,
1997,W01,1314,,
1997,W02,1376,,
1997,W03,1307,,
1997,W04,1437,,
1997,W05,1143,,
1997,W06,1257,,
1997,W07,1458,,
1997,W08,1231,,
1997,W09,1160,,
1997,W10,1400,,
1997,W11,1269,,
1997,W12,1343,,
1997,W13,1254,,
1997,W14,1330,,
1997,W15,1164,,
1997,W16,1193,,
1997,X01,1242,,
1997,X02,1181,,
1997,X03,1208,,
1997,X04,1112,,
1997,X05,1268,,
1997,X06,1228,,
1997,X07,1266,,
1997,X08,1345,,
1997,X09,1348,,
1997,X10,1344,,
1997,X11,1425,,
1997,X12,1158,,
1997,X13,1375,,
1997,X14,1151,,
1997,X15,1293,,
1997,X16,1238,,
1997,Y01,1278,,
1997,Y02,1417,,
1997,Y03,1153,,
1997,Y04,1155,,
1997,Y05,1409,,
1997,Y06,1235,,
1997,Y07,1462,,
1997,Y08,1279,,
1997,Y09,1396,,
1997,Y10,1435,,
1997,Y11,1229,,
1997,Y12,1131,,
1997,Y13,1275,,
1997,Y14,1139,,
1997,Y15,1149,,
1997,Y16,1402,,
1997,Z01,1246,,
1997,Z02,1428,,
1997,Z03,1448,,
1997,Z04,1386,,
1997,Z05,1130,,
1997,Z06,1390,,
1997,Z07,1150,,
1997,Z08,1234,,
1997,Z09,1438,,
1997,Z10,1207,,
1997,Z11,1328,,
1997,Z12,1434,,
1997,Z13,1334,,
1997,Z14,1388,,
1997,Z15,1298,,
1997,Z16,1285,,
1998,W01,1314,,
1998,W02,1163,,
1998,W03,1376,,
1998,W04,1277,,
1998,W05,1343,,
1998,W06,1462,,
1998,W07,1231,,
1998,W08,1150,,
1998,W09,1227,,
1998,W10,1328,,
1998,W11,1449,,
1998,W12,1424,,
1998,W13,1185,,
1998,W14,1350,,
1998,W15,1192,,
1998,W16,1298,,
1998,X01,1112,,
1998,X02,1153,,
1998,X03,1428,,
1998,X04,1268,,
1998,X05,1228,,
1998,X06,1116,,
1998,X07,1396,,
1998,X08,1397,,
1998,X09,1229,,
1998,X10,1452,,
1998,X11,1304,,
1998,X12,1375,,
1998,X13,1429,,
1998,X14,1362,,
1998,X15,1319,,
1998,X16,1311,,
1998,Y01,1242,,
1998,Y02,1345,,
1998,Y03,1390,,
1998,Y04,1279,,
1998,Y05,1395,,
1998,Y06,1155,,
1998,Y07,1385,,
1998,Y08,1348,,
1998,Y09,1293,,
1998,Y10,1178,,
1998,Y11,1444,,
1998,Y12,1199,,
1998,Y13,1434,,
1998,Y14,1158,,
1998,Y15,1174,,
1998,Y16,1341,,
1998,Z01,1181,,
1998,Z02,1246,,
1998,Z03,1276,,
1998,Z04,1307,,
1998,Z05,1393,,
1998,Z06,1417,,
1998,Z07,1269,,
1998,Z08,1329,,
1998,Z09,1203,,
1998,Z10,1387,,
1998,Z11,1274,,
1998,Z12,1233,,
1998,Z13,1139,,
1998,Z14,1172,,
1998,Z15,1354,,
1998,Z16,1347,,
1999,W01,1181,,
1999,W02,1274,,
1999,W03,1153,,
1999,W04,1397,,
1999,W05,1458,,
1999,W06,1396,,
1999,W07,1400,,
1999,W08,1158,,
1999,W09,1409,,
1999,W10,1345,,
1999,W11,1245,,
1999,W12,1283,,
1999,W13,1174,,
1999,W14,1206,,
1999,W15,1248,,
1999,W16,1197,,
1999,X01,1277,,
1999,X02,1428,,
1999,X03,1246,,
1999,X04,1112,,
1999,X05,1150,,
1999,X06,1242,,
1999,X07,1449,,
1999,X08,1437,,
1999,X09,1279,,
1999,X10,1275,,
1999,X11,1191,,
1999,X12,1348,,
1999,X13,1328,,
1999,X14,1308,,
1999,X15,1117,,
1999,X16,1291,,
1999,Y01,1120,,
1999,Y02,1268,,
1999,Y03,1385,,
1999,Y04,1326,,
1999,Y05,1417,,
1999,Y06,1231,,
1999,Y07,1257,,
1999,Y08,1393,,
1999,Y09,1329,,
1999,Y10,1166,,
1999,Y11,1203,,
1999,Y12,1178,,
1999,Y13,1293,,
1999,Y14,1359,,
1999,Y15,1434,,
1999,Y16,1457,,
1999,Z01,1163,,
1999,Z02,1390,,
1999,Z03,1314,,
1999,Z04,1116,,
1999,Z05,1234,,
1999,Z06,1196,,
1999,Z07,1278,,
1999,Z08,1281,,
1999,Z09,1307,,
1999,Z10,1211,,
1999,Z11,1335,,
1999,Z12,1412,,
1999,Z13,1373,,
1999,Z14,1451,,
1999,Z15,1108,,
1999,Z16,1427,,
2000,W01,1181,,
2000,W02,1396,,
2000,W03,1329,,
2000,W04,1228,,
2000,W05,1196,,
2000,W06,1231,,
2000,W07,1332,,
2000,W08,1242,,
2000,W09,1177,,
2000,W10,1371,,
2000,W11,1337,,
2000,W12,1139,,
2000,W13,1335,,
2000,W14,1220,,
2000,W15,1248,,
2000,W16,1249,,
2000,X01,1390,,
2000,X02,1153,,
2000,X03,1326,,
2000,X04,1397,,
2000,X05,1163,,
2000,X06,1274,,
2000,X07,1409,,
2000,X08,1314,,
2000,X09,1281,,
2000,X10,1424,,
2000,X11,1116,,
2000,X12,1429,,
2000,X13,1418,,
2000,X14,1111,,
2000,X15,1423,,
2000,X16,1354,,
2000,Y01,1277,,
2000,Y02,1235,,
2000,Y03,1268,,
2000,Y04,1393,,
2000,Y05,1246,,
2000,Y06,1417,,
2000,Y07,1120,,
2000,Y08,1428,,
2000,Y09,1387,,
2000,Y10,1166,,
2000,Y11,1123,,
2000,Y12,1382,,
2000,Y13,1359,,
2000,Y14,1233,,
2000,Y15,1148,,
2000,Y16,1434,,
2000,Z01,1112,,
2000,Z02,1385,,
2000,Z03,1328,,
2000,Z04,1261,,
2000,Z05,1400,,
2000,Z06,1345,,
2000,Z07,1257,,
2000,Z08,1458,,
2000,Z09,1201,,
2000,Z10,1211,,
2000,Z11,1173,,
2000,Z12,1232,,
2000,Z13,1369,,
2000,Z14,1457,,
2000,Z15,1319,,
2000,Z16,1238,,
2001,W01,1181,,
2001,W02,1246,,
2001,W03,1130,,
2001,W04,1417,,
2001,W05,1326,,
2001,W06,1425,,
2001,W07,1234,,
2001,W08,1208,,
2001,W09,1281,,
2001,W10,1166,,
2001,W11,1329,,
2001,W12,1429,,
2001,W13,1220,,
2001,W14,1381,,
2001,W15,1221,,
2001,W16,1284,,
2001,X01,1390,,
2001,X02,1235,,
2001,X03,1268,,
2001,X04,1231,,
2001,X05,1153,,
2001,X06,1458,,
2001,X07,1116,,
2001,X08,1210,,
2001,X09,1386,,
2001,X10,1207,,
2001,X11,1209,,
2001,X12,1140,,
2001,X13,1245,,
2001,X14,1206,,
2001,X15,1214,,
2001,X16,1422,,
2001,Y01,1228,,
2001,Y02,1112,,
2001,Y03,1279,,
2001,Y04,1242,,
2001,Y05,1393,,
2001,Y06,1323,,
2001,Y07,1448,,
2001,Y08,1397,,
2001,Y09,1150,,
2001,Y10,1139,,
2001,Y11,1462,,
2001,Y12,1218,,
2001,Y13,1169,,
2001,Y14,1233,,
2001,Y15,1183,,
2001,Y16a,1322,,
2001,Y16b,1457,,
2001,Z01,1277,,
2001,Z02,1314,,
2001,Z03,1196,,
2001,Z04,1328,,
2001,Z05,1438,,
2001,Z06,1400,,
2001,Z07,1336,,
2001,Z08,1143,,
2001,Z09,1201,,
2001,Z10,1344,,
2001,Z11,1396,,
2001,Z12,1211,,
2001,Z13,1232,,
2001,Z14,1443,,
2001,Z15,1343,,
2001,Z16,1106,,
2002,W01,1268,,
2002,W02,1163,,
2002,W03,1208,,
2002,W04,1246,,
2002,W05,1266,,
2002,W06,1403,,
2002,W07,1301,,
2002,W08,1458,,
2002,W09,1385,,
2002,W10,1277,,
2002,W11,1356,,
2002,W12,1409,,
2002,W13,1434,,
2002,W14,1293,,
2002,W15,1214,,
2002,W16a,1108,,
2002,W16b,1373,,
2002,X01,1242,,
2002,X02,1332,,
2002,X03,1280,,
2002,X04,1228,,
2002,X05,1196,,
2002,X06,1400,,
2002,X07,1448,,
2002,X08,1390,,
2002,X09,1443,,
2002,X10,1337,,
2002,X11,1130,,
2002,X12,1166,,
2002,X13,1361,,
2002,X14,1270,,
2002,X15,1285,,
2002,X16,1221,,
2002,Y01,1181,,
2002,Y02,1104,,
2002,Y03,1338,,
2002,Y04,1425,,
2002,Y05,1231,,
2002,Y06,1143,,
2002,Y07,1329,,
2002,Y08,1323,,
2002,Y09,1150,,
2002,Y10,1245,,
2002,Y11,1335,,
2002,Y12,1428,,
2002,Y13,1423,,
2002,Y14,1148,,
2002,Y15,1194,,
2002,Y16,1457,,
2002,Z01,1153,,
2002,Z02,1328,,
2002,Z03,1112,,
2002,Z04,1326,,
2002,Z05,1274,,
2002,Z06,1211,,
2002,Z07,1462,,
2002,Z08,1417,,
2002,Z09,1279,,
2002,Z10,1218,,
2002,Z11,1461,,
2002,Z12,1281,,
2002,Z13,1172,,
2002,Z14,1364,,
2002,Z15,1227,,
2002,Z16,1131,,
2003,W01,1328,,
2003,W02,1448,,
2003,W03,1393,,
2003,W04,1257,,
2003,W05,1280,,
2003,W06,1329,,
2003,W07,1386,,
2003,W08,1143,,
2003,W09,1301,,
2003,W10,1120,,
2003,W11,1335,,
2003,W12,1139,,
2003,W13,1122,,
2003,W14,1264,,
2003,W15,1190,,
2003,W16,1354,,
2003,X01,1400,,
2003,X02,1196,,
2003,X03,1462,,
2003,X04,1390,,
2003,X05,1163,,
2003,X06,1268,,
2003,X07,1277,,
2003,X08,1261,,
2003,X09,1345,,
2003,X10,1160,,
2003,X11,1423,,
2003,X12,1140,,
2003,X13,1360,,
2003,X14,1407,,
2003,X15,1358,,
2003,X16a,1411,,
2003,X16b,1421,,
2003,Y01,1246,,
2003,Y02,1338,,
2003,Y03,1266,,
2003,Y04,1173,,
2003,Y05,1458,,
2003,Y06,1281,,
2003,Y07,1231,,
2003,Y08,1332,,
2003,Y09,1428,,
2003,Y10,1104,,
2003,Y11,1356,,
2003,Y12,1451,,
2003,Y13,1409,,
2003,Y14,1221,,
2003,Y15,1447,,
2003,Y16,1237,,
2003,Z01,1112,,
2003,Z02,1242,,
2003,Z03,1181,,
2003,Z04,1228,,
2003,Z05,1323,,
2003,Z06,1166,,
2003,Z07,1272,,
2003,Z08,1153,,
2003,Z09,1211,,
2003,Z10,1113,,
2003,Z11,1141,,
2003,Z12,1454,,
2003,Z13,1443,,
2003,Z14,1161,,
2003,Z15,1429,,
2003,Z16,1436,,
2004,W01,1181,,
2004,W02,1280,,
2004,W03,1400,,
2004,W04,1153,,
2004,W05,1228,,
2004,W06,1314,,
2004,W07,1462,,
2004,W08,1371,,
2004,W09,1112,,
2004,W10,1257,,
2004,W11,1102,,
2004,W12,1293,,
2004,W13,1190,,
2004,W14,1343,,
2004,W15,1284,,
2004,W16,1106,,
2004,X01,1390,,
2004,X02,1163,,
2004,X03,1301,,
2004,X04,1268,,
2004,X05,1393,,
2004,X06,1435,,
2004,X07,1177,,
2004,X08,1104,,
2004,X09,1356,,
2004,X10,1173,,
2004,X11,1444,,
2004,X12,1140,,
2004,X13,1431,,
2004,X14,1418,,
2004,X15,1436,,
2004,X16,1427,,
2004,Y01,1386,,
2004,Y02,1329,,
2004,Y03,1338,,
2004,Y04,1448,,
2004,Y05,1196,,
2004,Y06,1458,,
2004,Y07,1272,,
2004,Y08,1403,,
2004,Y09,1150,,
2004,Y10,1376,,
2004,Y11,1350,,
2004,Y12,1264,,
2004,Y13,1433,,
2004,Y14,1416,,
2004,Y15,1186,,
2004,Y16,1251,,
2004,Z01,1246,,
2004,Z02,1211,,
2004,Z03,1210,,
2004,Z04,1242,,
2004,Z05,1344,,
2004,Z06,1130,,
2004,Z07,1277,,
2004,Z08,1449,,
2004,Z09,1412,,
2004,Z10,1305,,
2004,Z11,1428,,
2004,Z12,1334,,
2004,Z13,1227,,
2004,Z14,1320,,
2004,Z15,1434,,
2004,Z16a,1197,,
2004,Z16b,1250,,
2005,W01,1449,,
2005,W02,1448,,
2005,W03,1211,,
2005,W04,1257,,
2005,W05,1210,,
2005,W06,1403,,
2005,W07,1452,,
2005,W08,1334,,
2005,W09,1338,,
2005,W10,1166,,
2005,W11,1417,,
2005,W12,1203,,
2005,W13,1418,,
2005,W14,1457,,
2005,W15,1151,,
2005,W16,1285,,
2005,X01,1228,,
2005,X02,1329,,
2005,X03,1112,,
2005,X04,1130,,
2005,X05,1104,,
2005,X06,1261,,
2005,X07,1356,,
2005,X08,1400,,
2005,X09,1305,,
2005,X10,1388,,
2005,X11,1412,,
2005,X12,1454,,
2005,X13,1335,,
2005,X14,1429,,
2005,X15,1368,,
2005,X16,1192,,
2005,Y01,1181,,
2005,Y02,1246,,
2005,Y03,1328,,
2005,Y04,1393,,
2005,Y05,1277,,
2005,Y06,1428,,
2005,Y07,1153,,
2005,Y08,1390,,
2005,Y09,1280,,
2005,Y10,1234,,
2005,Y11,1431,,
2005,Y12,1330,,
2005,Y13,1436,,
2005,Y14,1310,,
2005,Y15,1184,,
2005,Y16,1175,,
2005,Z01,1314,,
2005,Z02,1163,,
2005,Z03,1242,,
2005,Z04,1196,,
2005,Z05,1437,,
2005,Z06,1458,,
2005,Z07,1150,,
2005,Z08,1278,,
2005,Z09,1235,,
2005,Z10,1301,,
2005,Z11,1320,,
2005,Z12,1307,,
2005,Z13,1325,,
2005,Z14,1137,,
2005,Z15,1416,,
2005,Z16a,1105,,
2005,Z16b,1324,,
2006,W01,1181,,
2006,W02,1400,,
2006,W03,1234,,
2006,W04,1261,,
2006,W05,1393,,
2006,W06,1452,,
2006,W07,1143,,
2006,W08,1203,,
2006,W09,1423,,
2006,W10,1301,,
2006,W11,1356,,
2006,W12,1401,,
2006,W13,1233,,
2006,W14,1322,,
2006,W15,1335,,
2006,W16,1380,,
2006,X01,1272,,
2006,X02,1417,,
2006,X03,1211,,
2006,X04,1242,,
2006,X05,1338,,
2006,X06,1231,,
2006,X07,1266,,
2006,X08,1116,,
2006,X09,1137,,
2006,X10,1104,,
2006,X11,1361,,
2006,X12,1245,,
2006,X13,1133,,
2006,X14,1462,,
2006,X15,1125,,
2006,X16,1331,,
2006,Y01,1437,,
2006,Y02,1326,,
2006,Y03,1196,,
2006,Y04,1130,,
2006,Y05,1305,,
2006,Y06,1328,,
2006,Y07,1207,,
2006,Y08,1112,,
2006,Y09,1458,,
2006,Y10,1320,,
2006,Y11,1454,,
2006,Y12,1285,,
2006,Y13,1334,,
2006,Y14,1375,,
2006,Y15,1172,,
2006,Y16a,1214,,
2006,Y16b,1284,,
2006,Z01,1163,,
2006,Z02,1397,,
2006,Z03,1314,,
2006,Z04,1228,,
2006,Z05,1449,,
2006,Z06,1277,,
2006,Z07,1455,,
2006,Z08,1246,,
2006,Z09,1412,,
2006,Z10,1371,,
2006,Z11,1206,,
2006,Z12,1429,,
2006,Z13,1102,,
2006,Z14,1293,,
2006,Z15,1457,,
2006,Z16,1107,,
2007,W01,1314,,
2007,W02,1207,,
2007,W03,1450,,
2007,W04,1400,,
2007,W05,1425,,
2007,W06,1435,,
2007,W07,1130,,
2007,W08,1266,,
2007,W09,1277,,
2007,W10,1403,,
2007,W11,1203,,
2007,W12,1116,,
2007,W13,1308,,
2007,W14,1331,,
2007,W15,1125,,
2007,W16,1184,,
2007,X01,1326,,
2007,X02,1272,,
2007,X03,1401,,
2007,X04,1438,,
2007,X05,1397,,
2007,X06,1257,,
2007,X07,1305,,
2007,X08,1140,,
2007,X09,1462,,
2007,X10,1166,,
2007,X11,1390,,
2007,X12,1253,,
2007,X13,1107,,
2007,X14,1335,,
2007,X15,1317,,
2007,X16,1148,,
2007,Y01,1196,,
2007,Y02,1458,,
2007,Y03,1332,,
2007,Y04,1268,,
2007,Y05,1139,,
2007,Y06,1323,,
2007,Y07,1424,,
2007,Y08,1112,,
2007,Y09,1345,,
2007,Y10,1210,,
2007,Y11,1457,,
2007,Y12,1330,,
2007,Y13,1172,,
2007,Y14,1275,,
2007,Y15,1394,,
2007,Y16,1238,,
2007,Z01,1242,,
2007,Z02,1417,,
2007,Z03,1338,,
2007,Z04,1356,,
2007,Z05,1439,,
2007,Z06,1181,,
2007,Z07,1231,,
2007,Z08,1246,,
2007,Z09,1437,,
2007,Z10,1211,,
2007,Z11,1433,,
2007,Z12,1228,,
2007,Z13,1221,,
2007,Z14,1460,,
2007,Z15,1451,,
2007,Z16a,1197,,
2007,Z16b,1310,,
2008,W01,1314,1,unc
2008,W02,1397,13,tennessee
2008,W03,1257,6,louisville
2008,W04,1450,11,wash st
2008,W05,1323,25,notre dame
2008,W06,1328,43,oklahoma
2008,W07,1139,19,butler
2008,W08,1231,29,indiana
2008,W09,1116,38,arkansas
2008,W10,1375,68,south alabama
2008,W11,1386,47,st joeshps
2008,W12,1206,86,george mason
2008,W13,1457,104,winthrop
2008,W14,1129,132,boise st
2008,W15,1110,138,american
2008,W16a,1164,288,coppin st
2008,W16b,1291,163,mount st marys
2008,X01,1242,1,kansas
2008,X02,1207,8,georgetown
2008,X03,1458,5,wisconsin
2008,X04,1435,62,vanderbuilt
2008,X05,1155,16,clemson
2008,X06,1425,32,southern cal
2008,X07,1211,27,gonzaga
2008,X08,1424,46,unlv
2008,X09,1245,45,kent st
2008,X10,1172,7,davidson
2008,X11,1243,23,kansas st
2008,X12,1437,42,villanova
2008,X13,1373,87,siena
2008,X14,1168,96,cal st fullerton
2008,X15,1420,130,umbc
2008,X16,1340,119,portland st
2008,Y01,1272,2,memphis
2008,Y02,1400,9,texas
2008,Y03,1390,12,stanford
2008,Y04,1338,24,pittsburgh
2008,Y05,1277,17,michigan st
2008,Y06,1266,14,marquette
2008,Y07,1274,39,miami fl
2008,Y08,1280,31,miss st
2008,Y09,1332,40,oregon
2008,Y10,1388,49,saint marys
2008,Y11,1246,67,kentucky
2008,Y12,1396,55,temple
2008,Y13,1331,78,oral roberts
2008,Y14,1165,122,cornell
2008,Y15,1122,164,austin peay
2008,Y16,1426,178,texas arlington
2008,Z01,1417,4,ucla
2008,Z02,1181,10,duke
2008,Z03,1462,18,xavier
2008,Z04,1163,26,uconn
2008,Z05,1179,15,drake
2008,Z06,1345,20,purdue
2008,Z07,1452,22,west virginia
2008,Z08,1140,36,byu
2008,Z09,1401,21,texas am
2008,Z10,1112,28,arizona
2008,Z11,1124,41,baylor
2008,Z12,1443,37,wku western kentucky
2008,Z13,1360,113,san diego
2008,Z14,1208,91,georgia
2008,Z15,1125,127,belmont
2008,Z16,1290,298,miss val
2009,W01,1338,4,pittsburgh
2009,W02,1181,12,duke
2009,W03,1437,9,villanova
2009,W04,1462,20,xavier
2009,W05,1199,31,florida st
2009,W06,1417,15,ucla
2009,W07,1400,21,texas
2009,W08,1329,26,oklahoma st
2009,W09,1397,38,tennessee
2009,W10,1278,39,minnesota
2009,W11,1433,46,vcu
2009,W12,1458,28,wisconsin
2009,W13,1340,127,portland st
2009,W14,1110,107,american
2009,W15,1127,164,binghamton
2009,W16,1190,106,e tennessee st
2009,X01,1314,1,north carolina
2009,X02,1328,8,oklanhoma
2009,X03,1393,16,syracuse
2009,X04,1211,14,gonzaga
2009,X05,1228,23,illinois
2009,X06,1113,18,arizona st
2009,X07,1155,25,clemson
2009,X08,1261,49,lsu
2009,X09,1139,40,butler
2009,X10,1276,43,michigan
2009,X11,1396,51,temple
2009,X12,1443,86,western kentucy
2009,X13,1103,98,akron
2009,X14,1372,92,stephen f austin
2009,X15,1288,141,morgan st
2009,X16,1347,165,radford
2009,Y01,1257,5,louisville
2009,Y02,1277,6,michigan st
2009,Y03,1242,10,kansas
2009,Y04,1448,27,wake forest
2009,Y05,1428,29,utah
2009,Y06,1452,11,west virginia
2009,Y07,1130,70,boston college
2009,Y08,1326,33,ohio st
2009,Y09,1373,61,siena
2009,Y10,1425,24,southern cal
2009,Y11,1173,74,dayton
2009,Y12,1112,35,arizona
2009,Y13,1156,59,cleveland st
2009,Y14,1295,68,north dakota st
2009,Y15,1352,143,robert morris
2009,Y16a,1106,202,alabama st
2009,Y16b,1287,142,morehead st
2009,Z01,1163,3,uconn
2009,Z02,1272,2,memphis
2009,Z03,1281,7,missouri
2009,Z04,1449,13,washington
2009,Z05,1345,17,purdue
2009,Z06,1266,19,marquette
2009,Z07,1143,30,california
2009,Z08,1140,22,byu
2009,Z09,1401,37,texas am
2009,Z10,1268,48,maryland
2009,Z11,1429,54,utah st
2009,Z12,1320,79,northern iowa
2009,Z13,1280,67,miss st
2009,Z14,1165,114,cornell
2009,Z15,1169,108,cal st northridge
2009,Z16,1151,198,chattanooga
2010,W01,1246,3,
2010,W02,1452,8,
2010,W03,1307,50,
2010,W04,1458,11,
2010,W05,1396,15,
2010,W06,1266,30,
2010,W07,1155,27,
2010,W08,1400,23,
2010,W09,1448,59,
2010,W10,1281,24,
2010,W11,1449,37,
2010,W12,1165,42,
2010,W13,1459,68,
2010,W14,1285,101,
2010,W15,1288,162,
2010,W16,1190,143,
2010,X01,1181,1,
2010,X02,1437,22,
2010,X03,1124,6,
2010,X04,1345,14,
2010,X05,1401,10,
2010,X06,1323,31,
2010,X07,1350,41,
2010,X08,1143,20,
2010,X09,1257,47,
2010,X10,1388,32,
2010,X11,1330,34,
2010,X12,1429,29,
2010,X13,1373,52,
2010,X14,1358,100,
2010,X15,1352,177,
2010,X16a,1115,220,
2010,X16b,1457,223,
2010,Y01,1242,2,
2010,Y02,1326,7,
2010,Y03,1207,16,
2010,Y04,1268,13,
2010,Y05,1277,21,
2010,Y06,1397,26,
2010,Y07,1329,36,
2010,Y08,1424,44,
2010,Y09,1320,19,
2010,Y10,1210,28,
2010,Y11,1361,39,
2010,Y12,1308,102,
2010,Y13,1222,94,
2010,Y14,1325,79,
2010,Y15,1364,148,
2010,Y16,1250,182,
2010,Z01,1393,4,
2010,Z02,1243,5,
2010,Z03,1338,25,
2010,Z04,1435,40,
2010,Z05,1139,9,
2010,Z06,1462,17,
2010,Z07,1140,12,
2010,Z08,1211,46,
2010,Z09,1199,33,
2010,Z10,1196,48,
2010,Z11,1278,35,
2010,Z12,1431,38,
2010,Z13,1293,45,
2010,Z14,1324,137,
2010,Z15,1317,179,
2010,Z16,1436,135,
2011,W01,1326,1,
2011,W02,1314,14,
2011,W03,1393,15,
2011,W04,1246,5,
2011,W05,1452,18,
2011,W06,1462,39,
2011,W07,1449,20,
2011,W08,1206,24,
2011,W09,1437,34,
2011,W10,1208,59,
2011,W11,1266,30,
2011,W12a,1155,22,
2011,W12b,1412,65,
2011,W13,1343,75,
2011,W14,1232,107,
2011,W15,1254,109,
2011,W16a,1106,296,
2011,W16b,1427,216,
2011,X01,1181,4,
2011,X02,1361,7,
2011,X03,1163,9,
2011,X04,1400,6,
2011,X05,1112,23,
2011,X06,1153,21,
2011,X07,1396,31,
2011,X08,1276,26,
2011,X09,1397,63,
2011,X10,1336,43,
2011,X11,1281,48,
2011,X12,1272,90,
2011,X13,1324,57,
2011,X14,1137,93,
2011,X15,1294,124,
2011,X16,1214,199,
2011,Y01,1338,3,
2011,Y02,1196,16,
2011,Y03,1140,13,
2011,Y04,1458,8,
2011,Y05,1243,28,
2011,Y06,1385,37,
2011,Y07,1417,53,
2011,Y08,1139,33,
2011,Y09,1330,38,
2011,Y10,1277,46,
2011,Y11,1211,35,
2011,Y12,1429,17,
2011,Y13,1125,27,
2011,Y14,1459,80,
2011,Y15,1364,132,
2011,Y16a,1114,213,
2011,Y16b,1421,147,
2011,Z01,1242,2,
2011,Z02,1323,11,
2011,Z03,1345,10,
2011,Z04,1257,12,
2011,Z05,1435,41,
2011,Z06,1207,36,
2011,Z07,1401,49,
2011,Z08,1424,32,
2011,Z09,1228,19,
2011,Z10,1199,29,
2011,Z11a,1425,56,
2011,Z11b,1433,42,
2011,Z12,1350,40,
2011,Z13,1287,83,
2011,Z14,1389,119,
2011,Z15,1103,113,
2011,Z16,1131,169,
2012,W01,1393,2,
2012,W02,1326,3,
2012,W03,1199,27,
2012,W04,1458,13,
2012,W05,1435,17,
2012,W06,1153,34,
2012,W07,1211,20,
2012,W08,1243,23,
2012,W09,1379,48,
2012,W10,1452,42,
2012,W11,1400,24,
2012,W12,1217,41,
2012,W13,1285,92,
2012,W14,1382,64,
2012,W15,1259,116,
2012,W16,1421,105,
2012,X01,1314,4,
2012,X02,1242,5,
2012,X03,1207,18,
2012,X04,1276,32,
2012,X05,1396,28,
2012,X06,1361,43,
2012,X07,1388,38,
2012,X08,1166,22,
2012,X09,1104,25,
2012,X10,1345,39,
2012,X11,1301,40,
2012,X12a,1143,29,
2012,X12b,1378,66,
2012,X13,1325,74,
2012,X14,1125,35,
2012,X15,1178,124,
2012,X16a,1249,109,
2012,X16b,1436,136,
2012,Y01,1246,1,
2012,Y02,1181,8,
2012,Y03,1124,14,
2012,Y04,1231,12,
2012,Y05,1455,10,
2012,Y06,1424,33,
2012,Y07,1323,57,
2012,Y08,1235,30,
2012,Y09,1163,31,
2012,Y10,1462,54,
2012,Y11,1160,88,
2012,Y12,1433,46,
2012,Y13,1308,61,
2012,Y14,1355,79,
2012,Y15,1250,94,
2012,Y16a,1290,238,
2012,Y16b,1443,197,
2012,Z01,1277,6,
2012,Z02,1281,7,
2012,Z03,1266,16,
2012,Z04,1257,11,
2012,Z05,1307,21,
2012,Z06,1293,45,
2012,Z07,1196,15,
2012,Z08,1272,9,
2012,Z09,1387,19,
2012,Z10,1438,26,
2012,Z11,1161,76,
2012,Z12,1253,44,
2012,Z13,1172,68,
2012,Z14a,1140,53,
2012,Z14b,1233,51,
2012,Z15,1313,184,
2012,Z16,1254,152,
2013,W01,1231,4,
2013,W02,1274,12,
2013,W03,1266,20,
2013,W04,1393,11,
2013,W05,1424,26,
2013,W06,1139,42,
2013,W07,1228,63,
2013,W08,1301,22,
2013,W09,1396,56,
2013,W10,1160,39,
2013,W11,1137,59,
2013,W12,1143,53,
2013,W13,1285,131,
2013,W14,1172,69,
2013,W15,1334,114,
2013,W16a,1241,186,
2013,W16b,1254,189,
2013,X01,1242,6,
2013,X02,1207,16,
2013,X03,1196,2,
2013,X04,1276,8,
2013,X05,1433,21,
2013,X06,1417,29,
2013,X07,1361,27,
2013,X08,1314,32,
2013,X09,1437,60,
2013,X10,1328,47,
2013,X11,1278,31,
2013,X12,1103,51,
2013,X13,1355,109,
2013,X14,1322,127,
2013,X15,1195,132,
2013,X16,1443,167,
2013,Y01,1257,1,
2013,Y02,1181,3,
2013,Y03,1277,10,
2013,Y04,1387,19,
2013,Y05,1329,17,
2013,Y06,1272,18,
2013,Y07,1166,13,
2013,Y08,1161,28,
2013,Y09,1281,23,
2013,Y10,1153,35,
2013,Y11a,1292,45,
2013,Y11b,1388,37,
2013,Y12,1332,33,
2013,Y13,1308,74,
2013,Y14,1434,61,
2013,Y15,1107,161,
2013,Y16a,1251,262,
2013,Y16b,1299,236,
2013,Z01,1211,5,
2013,Z02,1326,7,
2013,Z03,1307,9,
2013,Z04,1243,30,
2013,Z05,1458,25,
2013,Z06,1112,14,
2013,Z07,1323,36,
2013,Z08,1338,15,
2013,Z09,1455,24,
2013,Z10,1235,38,
2013,Z11,1125,49,
2013,Z12,1279,34,
2013,Z13a,1129,44,
2013,Z13b,1247,54,
2013,Z14,1217,113,
2013,Z15,1233,95,
2013,Z16,1380,175,
2014,W01,1438,,
2014,W02,1437,,
2014,W03,1235,,
2014,W04,1277,,
2014,W05,1153,,
2014,W06,1314,,
2014,W07,1163,,
2014,W08,1272,,
2014,W09,1203,,
2014,W10,1386,,
2014,W11,1344,,
2014,W12,1217,,
2014,W13,1174,,
2014,W14,1300,,
2014,W15,1454,,
2014,W16,1157,,
2014,X01,1196,,
2014,X02,1242,,
2014,X03,1393,,
2014,X04,1417,,
2014,X05,1433,,
2014,X06,1326,,
2014,X07,1307,,
2014,X08,1160,,
2014,X09,1338,,
2014,X10,1390,,
2014,X11,1173,,
2014,X12,1372,,
2014,X13,1409,,
2014,X14,1444,,
2014,X15,1184,,
2014,X16a,1107,,
2014,X16b,1291,,
2014,Y01,1455,,
2014,Y02,1276,,
2014,Y03,1181,,
2014,Y04,1257,,
2014,Y05,1387,,
2014,Y06,1269,,
2014,Y07,1400,,
2014,Y08,1246,,
2014,Y09,1243,,
2014,Y10,1113,,
2014,Y11a,1234,,
2014,Y11b,1397,,
2014,Y12a,1301,,
2014,Y12b,1462,,
2014,Y13,1264,,
2014,Y14,1273,,
2014,Y15,1459,,
2014,Y16a,1142,,
2014,Y16b,1411,,
2014,Z01,1112,,
2014,Z02,1458,,
2014,Z03,1166,,
2014,Z04,1361,,
2014,Z05,1328,,
2014,Z06,1124,,
2014,Z07,1332,,
2014,Z08,1211,,
2014,Z09,1329,,
2014,Z10,1140,,
2014,Z11,1304,,
2014,Z12,1295,,
2014,Z13,1308,,
2014,Z14,1418,,
2014,Z15,1110,,
2014,Z16,1451,,
