"id","pred"
"2013_1103_1107",0.3
"2013_1103_1112",0.727272727272727
"2013_1103_1125",0.3
"2013_1103_1129",0.3
"2013_1103_1137",0.3
"2013_1103_1139",0.3
"2013_1103_1143",0.3
"2013_1103_1153",0.727272727272727
"2013_1103_1160",0.727272727272727
"2013_1103_1161",0.3
"2013_1103_1166",0.3
"2013_1103_1172",0.3
"2013_1103_1181",0.884615384615385
"2013_1103_1195",0.3
"2013_1103_1196",0.884615384615385
"2013_1103_1207",0.884615384615385
"2013_1103_1211",0.884615384615385
"2013_1103_1217",0.3
"2013_1103_1228",0.727272727272727
"2013_1103_1231",0.884615384615385
"2013_1103_1233",0.3
"2013_1103_1235",0.727272727272727
"2013_1103_1241",0.3
"2013_1103_1242",0.884615384615385
"2013_1103_1243",0.777777777777778
"2013_1103_1247",0.727272727272727
"2013_1103_1251",0.3
"2013_1103_1254",0.3
"2013_1103_1257",0.884615384615385
"2013_1103_1266",0.884615384615385
"2013_1103_1272",0.3
"2013_1103_1274",0.884615384615385
"2013_1103_1276",0.777777777777778
"2013_1103_1277",0.884615384615385
"2013_1103_1278",0.727272727272727
"2013_1103_1279",0.3
"2013_1103_1281",0.3
"2013_1103_1285",0.3
"2013_1103_1292",0.3
"2013_1103_1299",0.3
"2013_1103_1301",0.3
"2013_1103_1307",0.884615384615385
"2013_1103_1308",0.3
"2013_1103_1314",0.3
"2013_1103_1322",0.3
"2013_1103_1323",0.727272727272727
"2013_1103_1326",0.884615384615385
"2013_1103_1328",0.727272727272727
"2013_1103_1329",0.777777777777778
"2013_1103_1332",0.3
"2013_1103_1334",0.3
"2013_1103_1338",0.3
"2013_1103_1355",0.3
"2013_1103_1361",0.727272727272727
"2013_1103_1380",0.3
"2013_1103_1387",0.777777777777778
"2013_1103_1388",0.3
"2013_1103_1393",0.777777777777778
"2013_1103_1396",0.3
"2013_1103_1417",0.3
"2013_1103_1424",0.777777777777778
"2013_1103_1433",0.777777777777778
"2013_1103_1434",0.3
"2013_1103_1437",0.727272727272727
"2013_1103_1443",0.3
"2013_1103_1455",0.727272727272727
"2013_1103_1458",0.777777777777778
"2013_1107_1112",0.769230769230769
"2013_1107_1125",0.769230769230769
"2013_1107_1129",0.769230769230769
"2013_1107_1137",0.769230769230769
"2013_1107_1139",0.769230769230769
"2013_1107_1143",0.769230769230769
"2013_1107_1153",0.769230769230769
"2013_1107_1160",0.769230769230769
"2013_1107_1161",0.769230769230769
"2013_1107_1166",0.769230769230769
"2013_1107_1172",0.769230769230769
"2013_1107_1181",0.884615384615385
"2013_1107_1195",0.769230769230769
"2013_1107_1196",0.884615384615385
"2013_1107_1207",0.884615384615385
"2013_1107_1211",0.884615384615385
"2013_1107_1217",0.769230769230769
"2013_1107_1228",0.769230769230769
"2013_1107_1231",0.884615384615385
"2013_1107_1233",0.769230769230769
"2013_1107_1235",0.769230769230769
"2013_1107_1241",0.769230769230769
"2013_1107_1242",0.884615384615385
"2013_1107_1243",0.769230769230769
"2013_1107_1247",0.769230769230769
"2013_1107_1251",0.769230769230769
"2013_1107_1254",0.769230769230769
"2013_1107_1257",0.884615384615385
"2013_1107_1266",0.884615384615385
"2013_1107_1272",0.769230769230769
"2013_1107_1274",0.884615384615385
"2013_1107_1276",0.769230769230769
"2013_1107_1277",0.884615384615385
"2013_1107_1278",0.769230769230769
"2013_1107_1279",0.769230769230769
"2013_1107_1281",0.769230769230769
"2013_1107_1285",0.769230769230769
"2013_1107_1292",0.769230769230769
"2013_1107_1299",0.769230769230769
"2013_1107_1301",0.769230769230769
"2013_1107_1307",0.884615384615385
"2013_1107_1308",0.769230769230769
"2013_1107_1314",0.769230769230769
"2013_1107_1322",0.769230769230769
"2013_1107_1323",0.769230769230769
"2013_1107_1326",0.884615384615385
"2013_1107_1328",0.769230769230769
"2013_1107_1329",0.769230769230769
"2013_1107_1332",0.769230769230769
"2013_1107_1334",0.769230769230769
"2013_1107_1338",0.769230769230769
"2013_1107_1355",0.769230769230769
"2013_1107_1361",0.769230769230769
"2013_1107_1380",0.769230769230769
"2013_1107_1387",0.769230769230769
"2013_1107_1388",0.769230769230769
"2013_1107_1393",0.769230769230769
"2013_1107_1396",0.769230769230769
"2013_1107_1417",0.769230769230769
"2013_1107_1424",0.769230769230769
"2013_1107_1433",0.769230769230769
"2013_1107_1434",0.769230769230769
"2013_1107_1437",0.769230769230769
"2013_1107_1443",0.769230769230769
"2013_1107_1455",0.769230769230769
"2013_1107_1458",0.769230769230769
"2013_1112_1125",0.583333333333333
"2013_1112_1129",0.583333333333333
"2013_1112_1137",0.583333333333333
"2013_1112_1139",0.583333333333333
"2013_1112_1143",0.583333333333333
"2013_1112_1153",0.583333333333333
"2013_1112_1160",0.583333333333333
"2013_1112_1161",0.583333333333333
"2013_1112_1166",0.583333333333333
"2013_1112_1172",0.583333333333333
"2013_1112_1181",0.884615384615385
"2013_1112_1195",0.583333333333333
"2013_1112_1196",0.884615384615385
"2013_1112_1207",0.884615384615385
"2013_1112_1211",0.884615384615385
"2013_1112_1217",0.583333333333333
"2013_1112_1228",0.583333333333333
"2013_1112_1231",0.884615384615385
"2013_1112_1233",0.583333333333333
"2013_1112_1235",0.583333333333333
"2013_1112_1241",0.583333333333333
"2013_1112_1242",0.884615384615385
"2013_1112_1243",0.777777777777778
"2013_1112_1247",0.583333333333333
"2013_1112_1251",0.583333333333333
"2013_1112_1254",0.583333333333333
"2013_1112_1257",0.884615384615385
"2013_1112_1266",0.884615384615385
"2013_1112_1272",0.583333333333333
"2013_1112_1274",0.884615384615385
"2013_1112_1276",0.777777777777778
"2013_1112_1277",0.884615384615385
"2013_1112_1278",0.583333333333333
"2013_1112_1279",0.583333333333333
"2013_1112_1281",0.583333333333333
"2013_1112_1285",0.583333333333333
"2013_1112_1292",0.583333333333333
"2013_1112_1299",0.583333333333333
"2013_1112_1301",0.583333333333333
"2013_1112_1307",0.884615384615385
"2013_1112_1308",0.583333333333333
"2013_1112_1314",0.583333333333333
"2013_1112_1322",0.583333333333333
"2013_1112_1323",0.583333333333333
"2013_1112_1326",0.884615384615385
"2013_1112_1328",0.583333333333333
"2013_1112_1329",0.777777777777778
"2013_1112_1332",0.583333333333333
"2013_1112_1334",0.583333333333333
"2013_1112_1338",0.583333333333333
"2013_1112_1355",0.583333333333333
"2013_1112_1361",0.583333333333333
"2013_1112_1380",0.583333333333333
"2013_1112_1387",0.777777777777778
"2013_1112_1388",0.583333333333333
"2013_1112_1393",0.777777777777778
"2013_1112_1396",0.583333333333333
"2013_1112_1417",0.583333333333333
"2013_1112_1424",0.777777777777778
"2013_1112_1433",0.777777777777778
"2013_1112_1434",0.583333333333333
"2013_1112_1437",0.583333333333333
"2013_1112_1443",0.583333333333333
"2013_1112_1455",0.583333333333333
"2013_1112_1458",0.777777777777778
"2013_1125_1129",0.1
"2013_1125_1137",0.1
"2013_1125_1139",0.1
"2013_1125_1143",0.1
"2013_1125_1153",0.1
"2013_1125_1160",0.1
"2013_1125_1161",0.1
"2013_1125_1166",0.1
"2013_1125_1172",0.1
"2013_1125_1181",0.884615384615385
"2013_1125_1195",0.1
"2013_1125_1196",0.884615384615385
"2013_1125_1207",0.884615384615385
"2013_1125_1211",0.884615384615385
"2013_1125_1217",0.1
"2013_1125_1228",0.1
"2013_1125_1231",0.884615384615385
"2013_1125_1233",0.1
"2013_1125_1235",0.1
"2013_1125_1241",0.1
"2013_1125_1242",0.884615384615385
"2013_1125_1243",0.1
"2013_1125_1247",0.1
"2013_1125_1251",0.1
"2013_1125_1254",0.1
"2013_1125_1257",0.884615384615385
"2013_1125_1266",0.884615384615385
"2013_1125_1272",0.1
"2013_1125_1274",0.884615384615385
"2013_1125_1276",0.1
"2013_1125_1277",0.884615384615385
"2013_1125_1278",0.1
"2013_1125_1279",0.1
"2013_1125_1281",0.1
"2013_1125_1285",0.1
"2013_1125_1292",0.1
"2013_1125_1299",0.1
"2013_1125_1301",0.1
"2013_1125_1307",0.884615384615385
"2013_1125_1308",0.1
"2013_1125_1314",0.1
"2013_1125_1322",0.1
"2013_1125_1323",0.1
"2013_1125_1326",0.884615384615385
"2013_1125_1328",0.1
"2013_1125_1329",0.1
"2013_1125_1332",0.1
"2013_1125_1334",0.1
"2013_1125_1338",0.1
"2013_1125_1355",0.1
"2013_1125_1361",0.1
"2013_1125_1380",0.1
"2013_1125_1387",0.1
"2013_1125_1388",0.1
"2013_1125_1393",0.1
"2013_1125_1396",0.1
"2013_1125_1417",0.1
"2013_1125_1424",0.1
"2013_1125_1433",0.1
"2013_1125_1434",0.1
"2013_1125_1437",0.1
"2013_1125_1443",0.1
"2013_1125_1455",0.1
"2013_1125_1458",0.1
"2013_1129_1137",0.769230769230769
"2013_1129_1139",0.769230769230769
"2013_1129_1143",0.769230769230769
"2013_1129_1153",0.769230769230769
"2013_1129_1160",0.769230769230769
"2013_1129_1161",0.769230769230769
"2013_1129_1166",0.769230769230769
"2013_1129_1172",0.769230769230769
"2013_1129_1181",0.884615384615385
"2013_1129_1195",0.769230769230769
"2013_1129_1196",0.884615384615385
"2013_1129_1207",0.884615384615385
"2013_1129_1211",0.884615384615385
"2013_1129_1217",0.769230769230769
"2013_1129_1228",0.769230769230769
"2013_1129_1231",0.884615384615385
"2013_1129_1233",0.769230769230769
"2013_1129_1235",0.769230769230769
"2013_1129_1241",0.769230769230769
"2013_1129_1242",0.884615384615385
"2013_1129_1243",0.769230769230769
"2013_1129_1247",0.769230769230769
"2013_1129_1251",0.769230769230769
"2013_1129_1254",0.769230769230769
"2013_1129_1257",0.884615384615385
"2013_1129_1266",0.884615384615385
"2013_1129_1272",0.769230769230769
"2013_1129_1274",0.884615384615385
"2013_1129_1276",0.769230769230769
"2013_1129_1277",0.884615384615385
"2013_1129_1278",0.769230769230769
"2013_1129_1279",0.769230769230769
"2013_1129_1281",0.769230769230769
"2013_1129_1285",0.769230769230769
"2013_1129_1292",0.769230769230769
"2013_1129_1299",0.769230769230769
"2013_1129_1301",0.769230769230769
"2013_1129_1307",0.884615384615385
"2013_1129_1308",0.769230769230769
"2013_1129_1314",0.769230769230769
"2013_1129_1322",0.769230769230769
"2013_1129_1323",0.769230769230769
"2013_1129_1326",0.884615384615385
"2013_1129_1328",0.769230769230769
"2013_1129_1329",0.769230769230769
"2013_1129_1332",0.769230769230769
"2013_1129_1334",0.769230769230769
"2013_1129_1338",0.769230769230769
"2013_1129_1355",0.769230769230769
"2013_1129_1361",0.769230769230769
"2013_1129_1380",0.769230769230769
"2013_1129_1387",0.769230769230769
"2013_1129_1388",0.769230769230769
"2013_1129_1393",0.769230769230769
"2013_1129_1396",0.769230769230769
"2013_1129_1417",0.769230769230769
"2013_1129_1424",0.769230769230769
"2013_1129_1433",0.769230769230769
"2013_1129_1434",0.769230769230769
"2013_1129_1437",0.769230769230769
"2013_1129_1443",0.769230769230769
"2013_1129_1455",0.769230769230769
"2013_1129_1458",0.769230769230769
"2013_1137_1139",0.1
"2013_1137_1143",0.1
"2013_1137_1153",0.1
"2013_1137_1160",0.1
"2013_1137_1161",0.1
"2013_1137_1166",0.1
"2013_1137_1172",0.1
"2013_1137_1181",0.884615384615385
"2013_1137_1195",0.1
"2013_1137_1196",0.884615384615385
"2013_1137_1207",0.884615384615385
"2013_1137_1211",0.884615384615385
"2013_1137_1217",0.1
"2013_1137_1228",0.1
"2013_1137_1231",0.884615384615385
"2013_1137_1233",0.1
"2013_1137_1235",0.1
"2013_1137_1241",0.1
"2013_1137_1242",0.884615384615385
"2013_1137_1243",0.1
"2013_1137_1247",0.1
"2013_1137_1251",0.1
"2013_1137_1254",0.1
"2013_1137_1257",0.884615384615385
"2013_1137_1266",0.884615384615385
"2013_1137_1272",0.1
"2013_1137_1274",0.884615384615385
"2013_1137_1276",0.1
"2013_1137_1277",0.884615384615385
"2013_1137_1278",0.1
"2013_1137_1279",0.1
"2013_1137_1281",0.1
"2013_1137_1285",0.1
"2013_1137_1292",0.1
"2013_1137_1299",0.1
"2013_1137_1301",0.1
"2013_1137_1307",0.884615384615385
"2013_1137_1308",0.1
"2013_1137_1314",0.1
"2013_1137_1322",0.1
"2013_1137_1323",0.1
"2013_1137_1326",0.884615384615385
"2013_1137_1328",0.1
"2013_1137_1329",0.1
"2013_1137_1332",0.1
"2013_1137_1334",0.1
"2013_1137_1338",0.1
"2013_1137_1355",0.1
"2013_1137_1361",0.1
"2013_1137_1380",0.1
"2013_1137_1387",0.1
"2013_1137_1388",0.1
"2013_1137_1393",0.1
"2013_1137_1396",0.1
"2013_1137_1417",0.1
"2013_1137_1424",0.1
"2013_1137_1433",0.1
"2013_1137_1434",0.1
"2013_1137_1437",0.1
"2013_1137_1443",0.1
"2013_1137_1455",0.1
"2013_1137_1458",0.1
"2013_1139_1143",0.315789473684211
"2013_1139_1153",0.315789473684211
"2013_1139_1160",0.315789473684211
"2013_1139_1161",0.315789473684211
"2013_1139_1166",0.315789473684211
"2013_1139_1172",0.315789473684211
"2013_1139_1181",0.884615384615385
"2013_1139_1195",0.315789473684211
"2013_1139_1196",0.884615384615385
"2013_1139_1207",0.884615384615385
"2013_1139_1211",0.884615384615385
"2013_1139_1217",0.315789473684211
"2013_1139_1228",0.315789473684211
"2013_1139_1231",0.884615384615385
"2013_1139_1233",0.315789473684211
"2013_1139_1235",0.315789473684211
"2013_1139_1241",0.315789473684211
"2013_1139_1242",0.884615384615385
"2013_1139_1243",0.777777777777778
"2013_1139_1247",0.315789473684211
"2013_1139_1251",0.315789473684211
"2013_1139_1254",0.315789473684211
"2013_1139_1257",0.884615384615385
"2013_1139_1266",0.884615384615385
"2013_1139_1272",0.315789473684211
"2013_1139_1274",0.884615384615385
"2013_1139_1276",0.777777777777778
"2013_1139_1277",0.884615384615385
"2013_1139_1278",0.315789473684211
"2013_1139_1279",0.315789473684211
"2013_1139_1281",0.315789473684211
"2013_1139_1285",0.315789473684211
"2013_1139_1292",0.315789473684211
"2013_1139_1299",0.315789473684211
"2013_1139_1301",0.315789473684211
"2013_1139_1307",0.884615384615385
"2013_1139_1308",0.315789473684211
"2013_1139_1314",0.315789473684211
"2013_1139_1322",0.315789473684211
"2013_1139_1323",0.315789473684211
"2013_1139_1326",0.884615384615385
"2013_1139_1328",0.315789473684211
"2013_1139_1329",0.777777777777778
"2013_1139_1332",0.315789473684211
"2013_1139_1334",0.315789473684211
"2013_1139_1338",0.315789473684211
"2013_1139_1355",0.315789473684211
"2013_1139_1361",0.315789473684211
"2013_1139_1380",0.315789473684211
"2013_1139_1387",0.777777777777778
"2013_1139_1388",0.315789473684211
"2013_1139_1393",0.777777777777778
"2013_1139_1396",0.315789473684211
"2013_1139_1417",0.315789473684211
"2013_1139_1424",0.777777777777778
"2013_1139_1433",0.777777777777778
"2013_1139_1434",0.315789473684211
"2013_1139_1437",0.315789473684211
"2013_1139_1443",0.315789473684211
"2013_1139_1455",0.315789473684211
"2013_1139_1458",0.777777777777778
"2013_1143_1153",0.727272727272727
"2013_1143_1160",0.727272727272727
"2013_1143_1161",0.3
"2013_1143_1166",0.3
"2013_1143_1172",0.3
"2013_1143_1181",0.884615384615385
"2013_1143_1195",0.3
"2013_1143_1196",0.884615384615385
"2013_1143_1207",0.884615384615385
"2013_1143_1211",0.884615384615385
"2013_1143_1217",0.3
"2013_1143_1228",0.727272727272727
"2013_1143_1231",0.884615384615385
"2013_1143_1233",0.3
"2013_1143_1235",0.727272727272727
"2013_1143_1241",0.3
"2013_1143_1242",0.884615384615385
"2013_1143_1243",0.777777777777778
"2013_1143_1247",0.727272727272727
"2013_1143_1251",0.3
"2013_1143_1254",0.3
"2013_1143_1257",0.884615384615385
"2013_1143_1266",0.884615384615385
"2013_1143_1272",0.3
"2013_1143_1274",0.884615384615385
"2013_1143_1276",0.777777777777778
"2013_1143_1277",0.884615384615385
"2013_1143_1278",0.727272727272727
"2013_1143_1279",0.3
"2013_1143_1281",0.3
"2013_1143_1285",0.3
"2013_1143_1292",0.3
"2013_1143_1299",0.3
"2013_1143_1301",0.3
"2013_1143_1307",0.884615384615385
"2013_1143_1308",0.3
"2013_1143_1314",0.3
"2013_1143_1322",0.3
"2013_1143_1323",0.727272727272727
"2013_1143_1326",0.884615384615385
"2013_1143_1328",0.727272727272727
"2013_1143_1329",0.777777777777778
"2013_1143_1332",0.3
"2013_1143_1334",0.3
"2013_1143_1338",0.3
"2013_1143_1355",0.3
"2013_1143_1361",0.727272727272727
"2013_1143_1380",0.3
"2013_1143_1387",0.777777777777778
"2013_1143_1388",0.3
"2013_1143_1393",0.777777777777778
"2013_1143_1396",0.3
"2013_1143_1417",0.3
"2013_1143_1424",0.777777777777778
"2013_1143_1433",0.777777777777778
"2013_1143_1434",0.3
"2013_1143_1437",0.727272727272727
"2013_1143_1443",0.3
"2013_1143_1455",0.727272727272727
"2013_1143_1458",0.777777777777778
"2013_1153_1160",0.727272727272727
"2013_1153_1161",0.7
"2013_1153_1166",0.7
"2013_1153_1172",0.7
"2013_1153_1181",0.884615384615385
"2013_1153_1195",0.7
"2013_1153_1196",0.884615384615385
"2013_1153_1207",0.884615384615385
"2013_1153_1211",0.884615384615385
"2013_1153_1217",0.7
"2013_1153_1228",0.727272727272727
"2013_1153_1231",0.884615384615385
"2013_1153_1233",0.7
"2013_1153_1235",0.727272727272727
"2013_1153_1241",0.7
"2013_1153_1242",0.884615384615385
"2013_1153_1243",0.777777777777778
"2013_1153_1247",0.727272727272727
"2013_1153_1251",0.7
"2013_1153_1254",0.7
"2013_1153_1257",0.884615384615385
"2013_1153_1266",0.884615384615385
"2013_1153_1272",0.7
"2013_1153_1274",0.884615384615385
"2013_1153_1276",0.777777777777778
"2013_1153_1277",0.884615384615385
"2013_1153_1278",0.727272727272727
"2013_1153_1279",0.7
"2013_1153_1281",0.7
"2013_1153_1285",0.7
"2013_1153_1292",0.7
"2013_1153_1299",0.7
"2013_1153_1301",0.7
"2013_1153_1307",0.884615384615385
"2013_1153_1308",0.7
"2013_1153_1314",0.7
"2013_1153_1322",0.7
"2013_1153_1323",0.727272727272727
"2013_1153_1326",0.884615384615385
"2013_1153_1328",0.727272727272727
"2013_1153_1329",0.777777777777778
"2013_1153_1332",0.7
"2013_1153_1334",0.7
"2013_1153_1338",0.7
"2013_1153_1355",0.7
"2013_1153_1361",0.727272727272727
"2013_1153_1380",0.7
"2013_1153_1387",0.777777777777778
"2013_1153_1388",0.7
"2013_1153_1393",0.777777777777778
"2013_1153_1396",0.7
"2013_1153_1417",0.7
"2013_1153_1424",0.777777777777778
"2013_1153_1433",0.777777777777778
"2013_1153_1434",0.7
"2013_1153_1437",0.727272727272727
"2013_1153_1443",0.7
"2013_1153_1455",0.727272727272727
"2013_1153_1458",0.777777777777778
"2013_1160_1161",0.7
"2013_1160_1166",0.7
"2013_1160_1172",0.7
"2013_1160_1181",0.884615384615385
"2013_1160_1195",0.7
"2013_1160_1196",0.884615384615385
"2013_1160_1207",0.884615384615385
"2013_1160_1211",0.884615384615385
"2013_1160_1217",0.7
"2013_1160_1228",0.727272727272727
"2013_1160_1231",0.884615384615385
"2013_1160_1233",0.7
"2013_1160_1235",0.727272727272727
"2013_1160_1241",0.7
"2013_1160_1242",0.884615384615385
"2013_1160_1243",0.777777777777778
"2013_1160_1247",0.727272727272727
"2013_1160_1251",0.7
"2013_1160_1254",0.7
"2013_1160_1257",0.884615384615385
"2013_1160_1266",0.884615384615385
"2013_1160_1272",0.7
"2013_1160_1274",0.884615384615385
"2013_1160_1276",0.777777777777778
"2013_1160_1277",0.884615384615385
"2013_1160_1278",0.727272727272727
"2013_1160_1279",0.7
"2013_1160_1281",0.7
"2013_1160_1285",0.7
"2013_1160_1292",0.7
"2013_1160_1299",0.7
"2013_1160_1301",0.7
"2013_1160_1307",0.884615384615385
"2013_1160_1308",0.7
"2013_1160_1314",0.7
"2013_1160_1322",0.7
"2013_1160_1323",0.727272727272727
"2013_1160_1326",0.884615384615385
"2013_1160_1328",0.727272727272727
"2013_1160_1329",0.777777777777778
"2013_1160_1332",0.7
"2013_1160_1334",0.7
"2013_1160_1338",0.7
"2013_1160_1355",0.7
"2013_1160_1361",0.727272727272727
"2013_1160_1380",0.7
"2013_1160_1387",0.777777777777778
"2013_1160_1388",0.7
"2013_1160_1393",0.777777777777778
"2013_1160_1396",0.7
"2013_1160_1417",0.7
"2013_1160_1424",0.777777777777778
"2013_1160_1433",0.777777777777778
"2013_1160_1434",0.7
"2013_1160_1437",0.727272727272727
"2013_1160_1443",0.7
"2013_1160_1455",0.727272727272727
"2013_1160_1458",0.777777777777778
"2013_1161_1166",0.315789473684211
"2013_1161_1172",0.315789473684211
"2013_1161_1181",0.884615384615385
"2013_1161_1195",0.315789473684211
"2013_1161_1196",0.884615384615385
"2013_1161_1207",0.884615384615385
"2013_1161_1211",0.884615384615385
"2013_1161_1217",0.315789473684211
"2013_1161_1228",0.315789473684211
"2013_1161_1231",0.884615384615385
"2013_1161_1233",0.315789473684211
"2013_1161_1235",0.315789473684211
"2013_1161_1241",0.315789473684211
"2013_1161_1242",0.884615384615385
"2013_1161_1243",0.777777777777778
"2013_1161_1247",0.315789473684211
"2013_1161_1251",0.315789473684211
"2013_1161_1254",0.315789473684211
"2013_1161_1257",0.884615384615385
"2013_1161_1266",0.884615384615385
"2013_1161_1272",0.315789473684211
"2013_1161_1274",0.884615384615385
"2013_1161_1276",0.777777777777778
"2013_1161_1277",0.884615384615385
"2013_1161_1278",0.315789473684211
"2013_1161_1279",0.315789473684211
"2013_1161_1281",0.315789473684211
"2013_1161_1285",0.315789473684211
"2013_1161_1292",0.315789473684211
"2013_1161_1299",0.315789473684211
"2013_1161_1301",0.315789473684211
"2013_1161_1307",0.884615384615385
"2013_1161_1308",0.315789473684211
"2013_1161_1314",0.315789473684211
"2013_1161_1322",0.315789473684211
"2013_1161_1323",0.315789473684211
"2013_1161_1326",0.884615384615385
"2013_1161_1328",0.315789473684211
"2013_1161_1329",0.777777777777778
"2013_1161_1332",0.315789473684211
"2013_1161_1334",0.315789473684211
"2013_1161_1338",0.315789473684211
"2013_1161_1355",0.315789473684211
"2013_1161_1361",0.315789473684211
"2013_1161_1380",0.315789473684211
"2013_1161_1387",0.777777777777778
"2013_1161_1388",0.315789473684211
"2013_1161_1393",0.777777777777778
"2013_1161_1396",0.315789473684211
"2013_1161_1417",0.315789473684211
"2013_1161_1424",0.777777777777778
"2013_1161_1433",0.777777777777778
"2013_1161_1434",0.315789473684211
"2013_1161_1437",0.315789473684211
"2013_1161_1443",0.315789473684211
"2013_1161_1455",0.315789473684211
"2013_1161_1458",0.777777777777778
"2013_1166_1172",0.315789473684211
"2013_1166_1181",0.884615384615385
"2013_1166_1195",0.315789473684211
"2013_1166_1196",0.884615384615385
"2013_1166_1207",0.884615384615385
"2013_1166_1211",0.884615384615385
"2013_1166_1217",0.315789473684211
"2013_1166_1228",0.315789473684211
"2013_1166_1231",0.884615384615385
"2013_1166_1233",0.315789473684211
"2013_1166_1235",0.315789473684211
"2013_1166_1241",0.315789473684211
"2013_1166_1242",0.884615384615385
"2013_1166_1243",0.777777777777778
"2013_1166_1247",0.315789473684211
"2013_1166_1251",0.315789473684211
"2013_1166_1254",0.315789473684211
"2013_1166_1257",0.884615384615385
"2013_1166_1266",0.884615384615385
"2013_1166_1272",0.315789473684211
"2013_1166_1274",0.884615384615385
"2013_1166_1276",0.777777777777778
"2013_1166_1277",0.884615384615385
"2013_1166_1278",0.315789473684211
"2013_1166_1279",0.315789473684211
"2013_1166_1281",0.315789473684211
"2013_1166_1285",0.315789473684211
"2013_1166_1292",0.315789473684211
"2013_1166_1299",0.315789473684211
"2013_1166_1301",0.315789473684211
"2013_1166_1307",0.884615384615385
"2013_1166_1308",0.315789473684211
"2013_1166_1314",0.315789473684211
"2013_1166_1322",0.315789473684211
"2013_1166_1323",0.315789473684211
"2013_1166_1326",0.884615384615385
"2013_1166_1328",0.315789473684211
"2013_1166_1329",0.777777777777778
"2013_1166_1332",0.315789473684211
"2013_1166_1334",0.315789473684211
"2013_1166_1338",0.315789473684211
"2013_1166_1355",0.315789473684211
"2013_1166_1361",0.315789473684211
"2013_1166_1380",0.315789473684211
"2013_1166_1387",0.777777777777778
"2013_1166_1388",0.315789473684211
"2013_1166_1393",0.777777777777778
"2013_1166_1396",0.315789473684211
"2013_1166_1417",0.315789473684211
"2013_1166_1424",0.777777777777778
"2013_1166_1433",0.777777777777778
"2013_1166_1434",0.315789473684211
"2013_1166_1437",0.315789473684211
"2013_1166_1443",0.315789473684211
"2013_1166_1455",0.315789473684211
"2013_1166_1458",0.777777777777778
"2013_1172_1181",0.884615384615385
"2013_1172_1195",0.769230769230769
"2013_1172_1196",0.884615384615385
"2013_1172_1207",0.884615384615385
"2013_1172_1211",0.884615384615385
"2013_1172_1217",0.769230769230769
"2013_1172_1228",0.769230769230769
"2013_1172_1231",0.884615384615385
"2013_1172_1233",0.769230769230769
"2013_1172_1235",0.769230769230769
"2013_1172_1241",0.769230769230769
"2013_1172_1242",0.884615384615385
"2013_1172_1243",0.769230769230769
"2013_1172_1247",0.769230769230769
"2013_1172_1251",0.769230769230769
"2013_1172_1254",0.769230769230769
"2013_1172_1257",0.884615384615385
"2013_1172_1266",0.884615384615385
"2013_1172_1272",0.769230769230769
"2013_1172_1274",0.884615384615385
"2013_1172_1276",0.769230769230769
"2013_1172_1277",0.884615384615385
"2013_1172_1278",0.769230769230769
"2013_1172_1279",0.769230769230769
"2013_1172_1281",0.769230769230769
"2013_1172_1285",0.769230769230769
"2013_1172_1292",0.769230769230769
"2013_1172_1299",0.769230769230769
"2013_1172_1301",0.769230769230769
"2013_1172_1307",0.884615384615385
"2013_1172_1308",0.769230769230769
"2013_1172_1314",0.769230769230769
"2013_1172_1322",0.769230769230769
"2013_1172_1323",0.769230769230769
"2013_1172_1326",0.884615384615385
"2013_1172_1328",0.769230769230769
"2013_1172_1329",0.769230769230769
"2013_1172_1332",0.769230769230769
"2013_1172_1334",0.769230769230769
"2013_1172_1338",0.769230769230769
"2013_1172_1355",0.769230769230769
"2013_1172_1361",0.769230769230769
"2013_1172_1380",0.769230769230769
"2013_1172_1387",0.769230769230769
"2013_1172_1388",0.769230769230769
"2013_1172_1393",0.769230769230769
"2013_1172_1396",0.769230769230769
"2013_1172_1417",0.769230769230769
"2013_1172_1424",0.769230769230769
"2013_1172_1433",0.769230769230769
"2013_1172_1434",0.769230769230769
"2013_1172_1437",0.769230769230769
"2013_1172_1443",0.769230769230769
"2013_1172_1455",0.769230769230769
"2013_1172_1458",0.769230769230769
"2013_1181_1195",0.283687943262411
"2013_1181_1196",0.283687943262411
"2013_1181_1207",0.283687943262411
"2013_1181_1211",0.283687943262411
"2013_1181_1217",0.283687943262411
"2013_1181_1228",0.283687943262411
"2013_1181_1231",0.283687943262411
"2013_1181_1233",0.283687943262411
"2013_1181_1235",0.283687943262411
"2013_1181_1241",0.283687943262411
"2013_1181_1242",0.283687943262411
"2013_1181_1243",0.283687943262411
"2013_1181_1247",0.283687943262411
"2013_1181_1251",0.283687943262411
"2013_1181_1254",0.283687943262411
"2013_1181_1257",0.283687943262411
"2013_1181_1266",0.283687943262411
"2013_1181_1272",0.283687943262411
"2013_1181_1274",0.283687943262411
"2013_1181_1276",0.283687943262411
"2013_1181_1277",0.283687943262411
"2013_1181_1278",0.283687943262411
"2013_1181_1279",0.283687943262411
"2013_1181_1281",0.283687943262411
"2013_1181_1285",0.283687943262411
"2013_1181_1292",0.283687943262411
"2013_1181_1299",0.283687943262411
"2013_1181_1301",0.283687943262411
"2013_1181_1307",0.283687943262411
"2013_1181_1308",0.283687943262411
"2013_1181_1314",0.283687943262411
"2013_1181_1322",0.283687943262411
"2013_1181_1323",0.283687943262411
"2013_1181_1326",0.283687943262411
"2013_1181_1328",0.283687943262411
"2013_1181_1329",0.283687943262411
"2013_1181_1332",0.283687943262411
"2013_1181_1334",0.283687943262411
"2013_1181_1338",0.283687943262411
"2013_1181_1355",0.283687943262411
"2013_1181_1361",0.283687943262411
"2013_1181_1380",0.283687943262411
"2013_1181_1387",0.283687943262411
"2013_1181_1388",0.283687943262411
"2013_1181_1393",0.283687943262411
"2013_1181_1396",0.283687943262411
"2013_1181_1417",0.283687943262411
"2013_1181_1424",0.283687943262411
"2013_1181_1433",0.283687943262411
"2013_1181_1434",0.283687943262411
"2013_1181_1437",0.283687943262411
"2013_1181_1443",0.283687943262411
"2013_1181_1455",0.283687943262411
"2013_1181_1458",0.283687943262411
"2013_1195_1196",0.884615384615385
"2013_1195_1207",0.884615384615385
"2013_1195_1211",0.884615384615385
"2013_1195_1217",0.769230769230769
"2013_1195_1228",0.769230769230769
"2013_1195_1231",0.884615384615385
"2013_1195_1233",0.769230769230769
"2013_1195_1235",0.769230769230769
"2013_1195_1241",0.769230769230769
"2013_1195_1242",0.884615384615385
"2013_1195_1243",0.769230769230769
"2013_1195_1247",0.769230769230769
"2013_1195_1251",0.769230769230769
"2013_1195_1254",0.769230769230769
"2013_1195_1257",0.884615384615385
"2013_1195_1266",0.884615384615385
"2013_1195_1272",0.769230769230769
"2013_1195_1274",0.884615384615385
"2013_1195_1276",0.769230769230769
"2013_1195_1277",0.884615384615385
"2013_1195_1278",0.769230769230769
"2013_1195_1279",0.769230769230769
"2013_1195_1281",0.769230769230769
"2013_1195_1285",0.769230769230769
"2013_1195_1292",0.769230769230769
"2013_1195_1299",0.769230769230769
"2013_1195_1301",0.769230769230769
"2013_1195_1307",0.884615384615385
"2013_1195_1308",0.769230769230769
"2013_1195_1314",0.769230769230769
"2013_1195_1322",0.769230769230769
"2013_1195_1323",0.769230769230769
"2013_1195_1326",0.884615384615385
"2013_1195_1328",0.769230769230769
"2013_1195_1329",0.769230769230769
"2013_1195_1332",0.769230769230769
"2013_1195_1334",0.769230769230769
"2013_1195_1338",0.769230769230769
"2013_1195_1355",0.769230769230769
"2013_1195_1361",0.769230769230769
"2013_1195_1380",0.769230769230769
"2013_1195_1387",0.769230769230769
"2013_1195_1388",0.769230769230769
"2013_1195_1393",0.769230769230769
"2013_1195_1396",0.769230769230769
"2013_1195_1417",0.769230769230769
"2013_1195_1424",0.769230769230769
"2013_1195_1433",0.769230769230769
"2013_1195_1434",0.769230769230769
"2013_1195_1437",0.769230769230769
"2013_1195_1443",0.769230769230769
"2013_1195_1455",0.769230769230769
"2013_1195_1458",0.769230769230769
"2013_1196_1207",0.283687943262411
"2013_1196_1211",0.283687943262411
"2013_1196_1217",0.283687943262411
"2013_1196_1228",0.283687943262411
"2013_1196_1231",0.283687943262411
"2013_1196_1233",0.283687943262411
"2013_1196_1235",0.283687943262411
"2013_1196_1241",0.283687943262411
"2013_1196_1242",0.283687943262411
"2013_1196_1243",0.283687943262411
"2013_1196_1247",0.283687943262411
"2013_1196_1251",0.283687943262411
"2013_1196_1254",0.283687943262411
"2013_1196_1257",0.283687943262411
"2013_1196_1266",0.283687943262411
"2013_1196_1272",0.283687943262411
"2013_1196_1274",0.283687943262411
"2013_1196_1276",0.283687943262411
"2013_1196_1277",0.283687943262411
"2013_1196_1278",0.283687943262411
"2013_1196_1279",0.283687943262411
"2013_1196_1281",0.283687943262411
"2013_1196_1285",0.283687943262411
"2013_1196_1292",0.283687943262411
"2013_1196_1299",0.283687943262411
"2013_1196_1301",0.283687943262411
"2013_1196_1307",0.283687943262411
"2013_1196_1308",0.283687943262411
"2013_1196_1314",0.283687943262411
"2013_1196_1322",0.283687943262411
"2013_1196_1323",0.283687943262411
"2013_1196_1326",0.283687943262411
"2013_1196_1328",0.283687943262411
"2013_1196_1329",0.283687943262411
"2013_1196_1332",0.283687943262411
"2013_1196_1334",0.283687943262411
"2013_1196_1338",0.283687943262411
"2013_1196_1355",0.283687943262411
"2013_1196_1361",0.283687943262411
"2013_1196_1380",0.283687943262411
"2013_1196_1387",0.283687943262411
"2013_1196_1388",0.283687943262411
"2013_1196_1393",0.283687943262411
"2013_1196_1396",0.283687943262411
"2013_1196_1417",0.283687943262411
"2013_1196_1424",0.283687943262411
"2013_1196_1433",0.283687943262411
"2013_1196_1434",0.283687943262411
"2013_1196_1437",0.283687943262411
"2013_1196_1443",0.283687943262411
"2013_1196_1455",0.283687943262411
"2013_1196_1458",0.283687943262411
"2013_1207_1211",0.283687943262411
"2013_1207_1217",0.283687943262411
"2013_1207_1228",0.283687943262411
"2013_1207_1231",0.283687943262411
"2013_1207_1233",0.283687943262411
"2013_1207_1235",0.283687943262411
"2013_1207_1241",0.283687943262411
"2013_1207_1242",0.283687943262411
"2013_1207_1243",0.283687943262411
"2013_1207_1247",0.283687943262411
"2013_1207_1251",0.283687943262411
"2013_1207_1254",0.283687943262411
"2013_1207_1257",0.283687943262411
"2013_1207_1266",0.283687943262411
"2013_1207_1272",0.283687943262411
"2013_1207_1274",0.283687943262411
"2013_1207_1276",0.283687943262411
"2013_1207_1277",0.283687943262411
"2013_1207_1278",0.283687943262411
"2013_1207_1279",0.283687943262411
"2013_1207_1281",0.283687943262411
"2013_1207_1285",0.283687943262411
"2013_1207_1292",0.283687943262411
"2013_1207_1299",0.283687943262411
"2013_1207_1301",0.283687943262411
"2013_1207_1307",0.283687943262411
"2013_1207_1308",0.283687943262411
"2013_1207_1314",0.283687943262411
"2013_1207_1322",0.283687943262411
"2013_1207_1323",0.283687943262411
"2013_1207_1326",0.283687943262411
"2013_1207_1328",0.283687943262411
"2013_1207_1329",0.283687943262411
"2013_1207_1332",0.283687943262411
"2013_1207_1334",0.283687943262411
"2013_1207_1338",0.283687943262411
"2013_1207_1355",0.283687943262411
"2013_1207_1361",0.283687943262411
"2013_1207_1380",0.283687943262411
"2013_1207_1387",0.283687943262411
"2013_1207_1388",0.283687943262411
"2013_1207_1393",0.283687943262411
"2013_1207_1396",0.283687943262411
"2013_1207_1417",0.283687943262411
"2013_1207_1424",0.283687943262411
"2013_1207_1433",0.283687943262411
"2013_1207_1434",0.283687943262411
"2013_1207_1437",0.283687943262411
"2013_1207_1443",0.283687943262411
"2013_1207_1455",0.283687943262411
"2013_1207_1458",0.283687943262411
"2013_1211_1217",0.283687943262411
"2013_1211_1228",0.283687943262411
"2013_1211_1231",0.283687943262411
"2013_1211_1233",0.283687943262411
"2013_1211_1235",0.283687943262411
"2013_1211_1241",0.283687943262411
"2013_1211_1242",0.283687943262411
"2013_1211_1243",0.283687943262411
"2013_1211_1247",0.283687943262411
"2013_1211_1251",0.283687943262411
"2013_1211_1254",0.283687943262411
"2013_1211_1257",0.283687943262411
"2013_1211_1266",0.283687943262411
"2013_1211_1272",0.283687943262411
"2013_1211_1274",0.283687943262411
"2013_1211_1276",0.283687943262411
"2013_1211_1277",0.283687943262411
"2013_1211_1278",0.283687943262411
"2013_1211_1279",0.283687943262411
"2013_1211_1281",0.283687943262411
"2013_1211_1285",0.283687943262411
"2013_1211_1292",0.283687943262411
"2013_1211_1299",0.283687943262411
"2013_1211_1301",0.283687943262411
"2013_1211_1307",0.283687943262411
"2013_1211_1308",0.283687943262411
"2013_1211_1314",0.283687943262411
"2013_1211_1322",0.283687943262411
"2013_1211_1323",0.283687943262411
"2013_1211_1326",0.283687943262411
"2013_1211_1328",0.283687943262411
"2013_1211_1329",0.283687943262411
"2013_1211_1332",0.283687943262411
"2013_1211_1334",0.283687943262411
"2013_1211_1338",0.283687943262411
"2013_1211_1355",0.283687943262411
"2013_1211_1361",0.283687943262411
"2013_1211_1380",0.283687943262411
"2013_1211_1387",0.283687943262411
"2013_1211_1388",0.283687943262411
"2013_1211_1393",0.283687943262411
"2013_1211_1396",0.283687943262411
"2013_1211_1417",0.283687943262411
"2013_1211_1424",0.283687943262411
"2013_1211_1433",0.283687943262411
"2013_1211_1434",0.283687943262411
"2013_1211_1437",0.283687943262411
"2013_1211_1443",0.283687943262411
"2013_1211_1455",0.283687943262411
"2013_1211_1458",0.283687943262411
"2013_1217_1228",0.769230769230769
"2013_1217_1231",0.884615384615385
"2013_1217_1233",0.769230769230769
"2013_1217_1235",0.769230769230769
"2013_1217_1241",0.769230769230769
"2013_1217_1242",0.884615384615385
"2013_1217_1243",0.769230769230769
"2013_1217_1247",0.769230769230769
"2013_1217_1251",0.769230769230769
"2013_1217_1254",0.769230769230769
"2013_1217_1257",0.884615384615385
"2013_1217_1266",0.884615384615385
"2013_1217_1272",0.769230769230769
"2013_1217_1274",0.884615384615385
"2013_1217_1276",0.769230769230769
"2013_1217_1277",0.884615384615385
"2013_1217_1278",0.769230769230769
"2013_1217_1279",0.769230769230769
"2013_1217_1281",0.769230769230769
"2013_1217_1285",0.769230769230769
"2013_1217_1292",0.769230769230769
"2013_1217_1299",0.769230769230769
"2013_1217_1301",0.769230769230769
"2013_1217_1307",0.884615384615385
"2013_1217_1308",0.769230769230769
"2013_1217_1314",0.769230769230769
"2013_1217_1322",0.769230769230769
"2013_1217_1323",0.769230769230769
"2013_1217_1326",0.884615384615385
"2013_1217_1328",0.769230769230769
"2013_1217_1329",0.769230769230769
"2013_1217_1332",0.769230769230769
"2013_1217_1334",0.769230769230769
"2013_1217_1338",0.769230769230769
"2013_1217_1355",0.769230769230769
"2013_1217_1361",0.769230769230769
"2013_1217_1380",0.769230769230769
"2013_1217_1387",0.769230769230769
"2013_1217_1388",0.769230769230769
"2013_1217_1393",0.769230769230769
"2013_1217_1396",0.769230769230769
"2013_1217_1417",0.769230769230769
"2013_1217_1424",0.769230769230769
"2013_1217_1433",0.769230769230769
"2013_1217_1434",0.769230769230769
"2013_1217_1437",0.769230769230769
"2013_1217_1443",0.769230769230769
"2013_1217_1455",0.769230769230769
"2013_1217_1458",0.769230769230769
"2013_1228_1231",0.884615384615385
"2013_1228_1233",0.583333333333333
"2013_1228_1235",0.583333333333333
"2013_1228_1241",0.583333333333333
"2013_1228_1242",0.884615384615385
"2013_1228_1243",0.777777777777778
"2013_1228_1247",0.583333333333333
"2013_1228_1251",0.583333333333333
"2013_1228_1254",0.583333333333333
"2013_1228_1257",0.884615384615385
"2013_1228_1266",0.884615384615385
"2013_1228_1272",0.583333333333333
"2013_1228_1274",0.884615384615385
"2013_1228_1276",0.777777777777778
"2013_1228_1277",0.884615384615385
"2013_1228_1278",0.583333333333333
"2013_1228_1279",0.583333333333333
"2013_1228_1281",0.583333333333333
"2013_1228_1285",0.583333333333333
"2013_1228_1292",0.583333333333333
"2013_1228_1299",0.583333333333333
"2013_1228_1301",0.583333333333333
"2013_1228_1307",0.884615384615385
"2013_1228_1308",0.583333333333333
"2013_1228_1314",0.583333333333333
"2013_1228_1322",0.583333333333333
"2013_1228_1323",0.583333333333333
"2013_1228_1326",0.884615384615385
"2013_1228_1328",0.583333333333333
"2013_1228_1329",0.777777777777778
"2013_1228_1332",0.583333333333333
"2013_1228_1334",0.583333333333333
"2013_1228_1338",0.583333333333333
"2013_1228_1355",0.583333333333333
"2013_1228_1361",0.583333333333333
"2013_1228_1380",0.583333333333333
"2013_1228_1387",0.777777777777778
"2013_1228_1388",0.583333333333333
"2013_1228_1393",0.777777777777778
"2013_1228_1396",0.583333333333333
"2013_1228_1417",0.583333333333333
"2013_1228_1424",0.777777777777778
"2013_1228_1433",0.777777777777778
"2013_1228_1434",0.583333333333333
"2013_1228_1437",0.583333333333333
"2013_1228_1443",0.583333333333333
"2013_1228_1455",0.583333333333333
"2013_1228_1458",0.777777777777778
"2013_1231_1233",0.283687943262411
"2013_1231_1235",0.283687943262411
"2013_1231_1241",0.283687943262411
"2013_1231_1242",0.283687943262411
"2013_1231_1243",0.283687943262411
"2013_1231_1247",0.283687943262411
"2013_1231_1251",0.283687943262411
"2013_1231_1254",0.283687943262411
"2013_1231_1257",0.283687943262411
"2013_1231_1266",0.283687943262411
"2013_1231_1272",0.283687943262411
"2013_1231_1274",0.283687943262411
"2013_1231_1276",0.283687943262411
"2013_1231_1277",0.283687943262411
"2013_1231_1278",0.283687943262411
"2013_1231_1279",0.283687943262411
"2013_1231_1281",0.283687943262411
"2013_1231_1285",0.283687943262411
"2013_1231_1292",0.283687943262411
"2013_1231_1299",0.283687943262411
"2013_1231_1301",0.283687943262411
"2013_1231_1307",0.283687943262411
"2013_1231_1308",0.283687943262411
"2013_1231_1314",0.283687943262411
"2013_1231_1322",0.283687943262411
"2013_1231_1323",0.283687943262411
"2013_1231_1326",0.283687943262411
"2013_1231_1328",0.283687943262411
"2013_1231_1329",0.283687943262411
"2013_1231_1332",0.283687943262411
"2013_1231_1334",0.283687943262411
"2013_1231_1338",0.283687943262411
"2013_1231_1355",0.283687943262411
"2013_1231_1361",0.283687943262411
"2013_1231_1380",0.283687943262411
"2013_1231_1387",0.283687943262411
"2013_1231_1388",0.283687943262411
"2013_1231_1393",0.283687943262411
"2013_1231_1396",0.283687943262411
"2013_1231_1417",0.283687943262411
"2013_1231_1424",0.283687943262411
"2013_1231_1433",0.283687943262411
"2013_1231_1434",0.283687943262411
"2013_1231_1437",0.283687943262411
"2013_1231_1443",0.283687943262411
"2013_1231_1455",0.283687943262411
"2013_1231_1458",0.283687943262411
"2013_1233_1235",0.769230769230769
"2013_1233_1241",0.769230769230769
"2013_1233_1242",0.884615384615385
"2013_1233_1243",0.769230769230769
"2013_1233_1247",0.769230769230769
"2013_1233_1251",0.769230769230769
"2013_1233_1254",0.769230769230769
"2013_1233_1257",0.884615384615385
"2013_1233_1266",0.884615384615385
"2013_1233_1272",0.769230769230769
"2013_1233_1274",0.884615384615385
"2013_1233_1276",0.769230769230769
"2013_1233_1277",0.884615384615385
"2013_1233_1278",0.769230769230769
"2013_1233_1279",0.769230769230769
"2013_1233_1281",0.769230769230769
"2013_1233_1285",0.769230769230769
"2013_1233_1292",0.769230769230769
"2013_1233_1299",0.769230769230769
"2013_1233_1301",0.769230769230769
"2013_1233_1307",0.884615384615385
"2013_1233_1308",0.769230769230769
"2013_1233_1314",0.769230769230769
"2013_1233_1322",0.769230769230769
"2013_1233_1323",0.769230769230769
"2013_1233_1326",0.884615384615385
"2013_1233_1328",0.769230769230769
"2013_1233_1329",0.769230769230769
"2013_1233_1332",0.769230769230769
"2013_1233_1334",0.769230769230769
"2013_1233_1338",0.769230769230769
"2013_1233_1355",0.769230769230769
"2013_1233_1361",0.769230769230769
"2013_1233_1380",0.769230769230769
"2013_1233_1387",0.769230769230769
"2013_1233_1388",0.769230769230769
"2013_1233_1393",0.769230769230769
"2013_1233_1396",0.769230769230769
"2013_1233_1417",0.769230769230769
"2013_1233_1424",0.769230769230769
"2013_1233_1433",0.769230769230769
"2013_1233_1434",0.769230769230769
"2013_1233_1437",0.769230769230769
"2013_1233_1443",0.769230769230769
"2013_1233_1455",0.769230769230769
"2013_1233_1458",0.769230769230769
"2013_1235_1241",0.7
"2013_1235_1242",0.884615384615385
"2013_1235_1243",0.777777777777778
"2013_1235_1247",0.727272727272727
"2013_1235_1251",0.7
"2013_1235_1254",0.7
"2013_1235_1257",0.884615384615385
"2013_1235_1266",0.884615384615385
"2013_1235_1272",0.7
"2013_1235_1274",0.884615384615385
"2013_1235_1276",0.777777777777778
"2013_1235_1277",0.884615384615385
"2013_1235_1278",0.727272727272727
"2013_1235_1279",0.7
"2013_1235_1281",0.7
"2013_1235_1285",0.7
"2013_1235_1292",0.7
"2013_1235_1299",0.7
"2013_1235_1301",0.7
"2013_1235_1307",0.884615384615385
"2013_1235_1308",0.7
"2013_1235_1314",0.7
"2013_1235_1322",0.7
"2013_1235_1323",0.727272727272727
"2013_1235_1326",0.884615384615385
"2013_1235_1328",0.727272727272727
"2013_1235_1329",0.777777777777778
"2013_1235_1332",0.7
"2013_1235_1334",0.7
"2013_1235_1338",0.7
"2013_1235_1355",0.7
"2013_1235_1361",0.727272727272727
"2013_1235_1380",0.7
"2013_1235_1387",0.777777777777778
"2013_1235_1388",0.7
"2013_1235_1393",0.777777777777778
"2013_1235_1396",0.7
"2013_1235_1417",0.7
"2013_1235_1424",0.777777777777778
"2013_1235_1433",0.777777777777778
"2013_1235_1434",0.7
"2013_1235_1437",0.727272727272727
"2013_1235_1443",0.7
"2013_1235_1455",0.727272727272727
"2013_1235_1458",0.777777777777778
"2013_1241_1242",0.884615384615385
"2013_1241_1243",0.769230769230769
"2013_1241_1247",0.769230769230769
"2013_1241_1251",0.769230769230769
"2013_1241_1254",0.769230769230769
"2013_1241_1257",0.884615384615385
"2013_1241_1266",0.884615384615385
"2013_1241_1272",0.769230769230769
"2013_1241_1274",0.884615384615385
"2013_1241_1276",0.769230769230769
"2013_1241_1277",0.884615384615385
"2013_1241_1278",0.769230769230769
"2013_1241_1279",0.769230769230769
"2013_1241_1281",0.769230769230769
"2013_1241_1285",0.769230769230769
"2013_1241_1292",0.769230769230769
"2013_1241_1299",0.769230769230769
"2013_1241_1301",0.769230769230769
"2013_1241_1307",0.884615384615385
"2013_1241_1308",0.769230769230769
"2013_1241_1314",0.769230769230769
"2013_1241_1322",0.769230769230769
"2013_1241_1323",0.769230769230769
"2013_1241_1326",0.884615384615385
"2013_1241_1328",0.769230769230769
"2013_1241_1329",0.769230769230769
"2013_1241_1332",0.769230769230769
"2013_1241_1334",0.769230769230769
"2013_1241_1338",0.769230769230769
"2013_1241_1355",0.769230769230769
"2013_1241_1361",0.769230769230769
"2013_1241_1380",0.769230769230769
"2013_1241_1387",0.769230769230769
"2013_1241_1388",0.769230769230769
"2013_1241_1393",0.769230769230769
"2013_1241_1396",0.769230769230769
"2013_1241_1417",0.769230769230769
"2013_1241_1424",0.769230769230769
"2013_1241_1433",0.769230769230769
"2013_1241_1434",0.769230769230769
"2013_1241_1437",0.769230769230769
"2013_1241_1443",0.769230769230769
"2013_1241_1455",0.769230769230769
"2013_1241_1458",0.769230769230769
"2013_1242_1243",0.283687943262411
"2013_1242_1247",0.283687943262411
"2013_1242_1251",0.283687943262411
"2013_1242_1254",0.283687943262411
"2013_1242_1257",0.283687943262411
"2013_1242_1266",0.283687943262411
"2013_1242_1272",0.283687943262411
"2013_1242_1274",0.283687943262411
"2013_1242_1276",0.283687943262411
"2013_1242_1277",0.283687943262411
"2013_1242_1278",0.283687943262411
"2013_1242_1279",0.283687943262411
"2013_1242_1281",0.283687943262411
"2013_1242_1285",0.283687943262411
"2013_1242_1292",0.283687943262411
"2013_1242_1299",0.283687943262411
"2013_1242_1301",0.283687943262411
"2013_1242_1307",0.283687943262411
"2013_1242_1308",0.283687943262411
"2013_1242_1314",0.283687943262411
"2013_1242_1322",0.283687943262411
"2013_1242_1323",0.283687943262411
"2013_1242_1326",0.283687943262411
"2013_1242_1328",0.283687943262411
"2013_1242_1329",0.283687943262411
"2013_1242_1332",0.283687943262411
"2013_1242_1334",0.283687943262411
"2013_1242_1338",0.283687943262411
"2013_1242_1355",0.283687943262411
"2013_1242_1361",0.283687943262411
"2013_1242_1380",0.283687943262411
"2013_1242_1387",0.283687943262411
"2013_1242_1388",0.283687943262411
"2013_1242_1393",0.283687943262411
"2013_1242_1396",0.283687943262411
"2013_1242_1417",0.283687943262411
"2013_1242_1424",0.283687943262411
"2013_1242_1433",0.283687943262411
"2013_1242_1434",0.283687943262411
"2013_1242_1437",0.283687943262411
"2013_1242_1443",0.283687943262411
"2013_1242_1455",0.283687943262411
"2013_1242_1458",0.283687943262411
"2013_1243_1247",0.283687943262411
"2013_1243_1251",0.283687943262411
"2013_1243_1254",0.283687943262411
"2013_1243_1257",0.283687943262411
"2013_1243_1266",0.283687943262411
"2013_1243_1272",0.283687943262411
"2013_1243_1274",0.283687943262411
"2013_1243_1276",0.283687943262411
"2013_1243_1277",0.283687943262411
"2013_1243_1278",0.283687943262411
"2013_1243_1279",0.283687943262411
"2013_1243_1281",0.283687943262411
"2013_1243_1285",0.283687943262411
"2013_1243_1292",0.283687943262411
"2013_1243_1299",0.283687943262411
"2013_1243_1301",0.283687943262411
"2013_1243_1307",0.283687943262411
"2013_1243_1308",0.283687943262411
"2013_1243_1314",0.283687943262411
"2013_1243_1322",0.283687943262411
"2013_1243_1323",0.283687943262411
"2013_1243_1326",0.283687943262411
"2013_1243_1328",0.283687943262411
"2013_1243_1329",0.283687943262411
"2013_1243_1332",0.283687943262411
"2013_1243_1334",0.283687943262411
"2013_1243_1338",0.283687943262411
"2013_1243_1355",0.283687943262411
"2013_1243_1361",0.283687943262411
"2013_1243_1380",0.283687943262411
"2013_1243_1387",0.283687943262411
"2013_1243_1388",0.283687943262411
"2013_1243_1393",0.283687943262411
"2013_1243_1396",0.283687943262411
"2013_1243_1417",0.283687943262411
"2013_1243_1424",0.283687943262411
"2013_1243_1433",0.283687943262411
"2013_1243_1434",0.283687943262411
"2013_1243_1437",0.283687943262411
"2013_1243_1443",0.283687943262411
"2013_1243_1455",0.283687943262411
"2013_1243_1458",0.283687943262411
"2013_1247_1251",0.769230769230769
"2013_1247_1254",0.769230769230769
"2013_1247_1257",0.884615384615385
"2013_1247_1266",0.884615384615385
"2013_1247_1272",0.769230769230769
"2013_1247_1274",0.884615384615385
"2013_1247_1276",0.769230769230769
"2013_1247_1277",0.884615384615385
"2013_1247_1278",0.769230769230769
"2013_1247_1279",0.769230769230769
"2013_1247_1281",0.769230769230769
"2013_1247_1285",0.769230769230769
"2013_1247_1292",0.769230769230769
"2013_1247_1299",0.769230769230769
"2013_1247_1301",0.769230769230769
"2013_1247_1307",0.884615384615385
"2013_1247_1308",0.769230769230769
"2013_1247_1314",0.769230769230769
"2013_1247_1322",0.769230769230769
"2013_1247_1323",0.769230769230769
"2013_1247_1326",0.884615384615385
"2013_1247_1328",0.769230769230769
"2013_1247_1329",0.769230769230769
"2013_1247_1332",0.769230769230769
"2013_1247_1334",0.769230769230769
"2013_1247_1338",0.769230769230769
"2013_1247_1355",0.769230769230769
"2013_1247_1361",0.769230769230769
"2013_1247_1380",0.769230769230769
"2013_1247_1387",0.769230769230769
"2013_1247_1388",0.769230769230769
"2013_1247_1393",0.769230769230769
"2013_1247_1396",0.769230769230769
"2013_1247_1417",0.769230769230769
"2013_1247_1424",0.769230769230769
"2013_1247_1433",0.769230769230769
"2013_1247_1434",0.769230769230769
"2013_1247_1437",0.769230769230769
"2013_1247_1443",0.769230769230769
"2013_1247_1455",0.769230769230769
"2013_1247_1458",0.769230769230769
"2013_1251_1254",0.769230769230769
"2013_1251_1257",0.884615384615385
"2013_1251_1266",0.884615384615385
"2013_1251_1272",0.769230769230769
"2013_1251_1274",0.884615384615385
"2013_1251_1276",0.769230769230769
"2013_1251_1277",0.884615384615385
"2013_1251_1278",0.769230769230769
"2013_1251_1279",0.769230769230769
"2013_1251_1281",0.769230769230769
"2013_1251_1285",0.769230769230769
"2013_1251_1292",0.769230769230769
"2013_1251_1299",0.769230769230769
"2013_1251_1301",0.769230769230769
"2013_1251_1307",0.884615384615385
"2013_1251_1308",0.769230769230769
"2013_1251_1314",0.769230769230769
"2013_1251_1322",0.769230769230769
"2013_1251_1323",0.769230769230769
"2013_1251_1326",0.884615384615385
"2013_1251_1328",0.769230769230769
"2013_1251_1329",0.769230769230769
"2013_1251_1332",0.769230769230769
"2013_1251_1334",0.769230769230769
"2013_1251_1338",0.769230769230769
"2013_1251_1355",0.769230769230769
"2013_1251_1361",0.769230769230769
"2013_1251_1380",0.769230769230769
"2013_1251_1387",0.769230769230769
"2013_1251_1388",0.769230769230769
"2013_1251_1393",0.769230769230769
"2013_1251_1396",0.769230769230769
"2013_1251_1417",0.769230769230769
"2013_1251_1424",0.769230769230769
"2013_1251_1433",0.769230769230769
"2013_1251_1434",0.769230769230769
"2013_1251_1437",0.769230769230769
"2013_1251_1443",0.769230769230769
"2013_1251_1455",0.769230769230769
"2013_1251_1458",0.769230769230769
"2013_1254_1257",0.884615384615385
"2013_1254_1266",0.884615384615385
"2013_1254_1272",0.769230769230769
"2013_1254_1274",0.884615384615385
"2013_1254_1276",0.769230769230769
"2013_1254_1277",0.884615384615385
"2013_1254_1278",0.769230769230769
"2013_1254_1279",0.769230769230769
"2013_1254_1281",0.769230769230769
"2013_1254_1285",0.769230769230769
"2013_1254_1292",0.769230769230769
"2013_1254_1299",0.769230769230769
"2013_1254_1301",0.769230769230769
"2013_1254_1307",0.884615384615385
"2013_1254_1308",0.769230769230769
"2013_1254_1314",0.769230769230769
"2013_1254_1322",0.769230769230769
"2013_1254_1323",0.769230769230769
"2013_1254_1326",0.884615384615385
"2013_1254_1328",0.769230769230769
"2013_1254_1329",0.769230769230769
"2013_1254_1332",0.769230769230769
"2013_1254_1334",0.769230769230769
"2013_1254_1338",0.769230769230769
"2013_1254_1355",0.769230769230769
"2013_1254_1361",0.769230769230769
"2013_1254_1380",0.769230769230769
"2013_1254_1387",0.769230769230769
"2013_1254_1388",0.769230769230769
"2013_1254_1393",0.769230769230769
"2013_1254_1396",0.769230769230769
"2013_1254_1417",0.769230769230769
"2013_1254_1424",0.769230769230769
"2013_1254_1433",0.769230769230769
"2013_1254_1434",0.769230769230769
"2013_1254_1437",0.769230769230769
"2013_1254_1443",0.769230769230769
"2013_1254_1455",0.769230769230769
"2013_1254_1458",0.769230769230769
"2013_1257_1266",0.283687943262411
"2013_1257_1272",0.283687943262411
"2013_1257_1274",0.283687943262411
"2013_1257_1276",0.283687943262411
"2013_1257_1277",0.283687943262411
"2013_1257_1278",0.283687943262411
"2013_1257_1279",0.283687943262411
"2013_1257_1281",0.283687943262411
"2013_1257_1285",0.283687943262411
"2013_1257_1292",0.283687943262411
"2013_1257_1299",0.283687943262411
"2013_1257_1301",0.283687943262411
"2013_1257_1307",0.283687943262411
"2013_1257_1308",0.283687943262411
"2013_1257_1314",0.283687943262411
"2013_1257_1322",0.283687943262411
"2013_1257_1323",0.283687943262411
"2013_1257_1326",0.283687943262411
"2013_1257_1328",0.283687943262411
"2013_1257_1329",0.283687943262411
"2013_1257_1332",0.283687943262411
"2013_1257_1334",0.283687943262411
"2013_1257_1338",0.283687943262411
"2013_1257_1355",0.283687943262411
"2013_1257_1361",0.283687943262411
"2013_1257_1380",0.283687943262411
"2013_1257_1387",0.283687943262411
"2013_1257_1388",0.283687943262411
"2013_1257_1393",0.283687943262411
"2013_1257_1396",0.283687943262411
"2013_1257_1417",0.283687943262411
"2013_1257_1424",0.283687943262411
"2013_1257_1433",0.283687943262411
"2013_1257_1434",0.283687943262411
"2013_1257_1437",0.283687943262411
"2013_1257_1443",0.283687943262411
"2013_1257_1455",0.283687943262411
"2013_1257_1458",0.283687943262411
"2013_1266_1272",0.283687943262411
"2013_1266_1274",0.283687943262411
"2013_1266_1276",0.283687943262411
"2013_1266_1277",0.283687943262411
"2013_1266_1278",0.283687943262411
"2013_1266_1279",0.283687943262411
"2013_1266_1281",0.283687943262411
"2013_1266_1285",0.283687943262411
"2013_1266_1292",0.283687943262411
"2013_1266_1299",0.283687943262411
"2013_1266_1301",0.283687943262411
"2013_1266_1307",0.283687943262411
"2013_1266_1308",0.283687943262411
"2013_1266_1314",0.283687943262411
"2013_1266_1322",0.283687943262411
"2013_1266_1323",0.283687943262411
"2013_1266_1326",0.283687943262411
"2013_1266_1328",0.283687943262411
"2013_1266_1329",0.283687943262411
"2013_1266_1332",0.283687943262411
"2013_1266_1334",0.283687943262411
"2013_1266_1338",0.283687943262411
"2013_1266_1355",0.283687943262411
"2013_1266_1361",0.283687943262411
"2013_1266_1380",0.283687943262411
"2013_1266_1387",0.283687943262411
"2013_1266_1388",0.283687943262411
"2013_1266_1393",0.283687943262411
"2013_1266_1396",0.283687943262411
"2013_1266_1417",0.283687943262411
"2013_1266_1424",0.283687943262411
"2013_1266_1433",0.283687943262411
"2013_1266_1434",0.283687943262411
"2013_1266_1437",0.283687943262411
"2013_1266_1443",0.283687943262411
"2013_1266_1455",0.283687943262411
"2013_1266_1458",0.283687943262411
"2013_1272_1274",0.884615384615385
"2013_1272_1276",0.1
"2013_1272_1277",0.884615384615385
"2013_1272_1278",0.1
"2013_1272_1279",0.1
"2013_1272_1281",0.1
"2013_1272_1285",0.1
"2013_1272_1292",0.1
"2013_1272_1299",0.1
"2013_1272_1301",0.1
"2013_1272_1307",0.884615384615385
"2013_1272_1308",0.1
"2013_1272_1314",0.1
"2013_1272_1322",0.1
"2013_1272_1323",0.1
"2013_1272_1326",0.884615384615385
"2013_1272_1328",0.1
"2013_1272_1329",0.1
"2013_1272_1332",0.1
"2013_1272_1334",0.1
"2013_1272_1338",0.1
"2013_1272_1355",0.1
"2013_1272_1361",0.1
"2013_1272_1380",0.1
"2013_1272_1387",0.1
"2013_1272_1388",0.1
"2013_1272_1393",0.1
"2013_1272_1396",0.1
"2013_1272_1417",0.1
"2013_1272_1424",0.1
"2013_1272_1433",0.1
"2013_1272_1434",0.1
"2013_1272_1437",0.1
"2013_1272_1443",0.1
"2013_1272_1455",0.1
"2013_1272_1458",0.1
"2013_1274_1276",0.283687943262411
"2013_1274_1277",0.283687943262411
"2013_1274_1278",0.283687943262411
"2013_1274_1279",0.283687943262411
"2013_1274_1281",0.283687943262411
"2013_1274_1285",0.283687943262411
"2013_1274_1292",0.283687943262411
"2013_1274_1299",0.283687943262411
"2013_1274_1301",0.283687943262411
"2013_1274_1307",0.283687943262411
"2013_1274_1308",0.283687943262411
"2013_1274_1314",0.283687943262411
"2013_1274_1322",0.283687943262411
"2013_1274_1323",0.283687943262411
"2013_1274_1326",0.283687943262411
"2013_1274_1328",0.283687943262411
"2013_1274_1329",0.283687943262411
"2013_1274_1332",0.283687943262411
"2013_1274_1334",0.283687943262411
"2013_1274_1338",0.283687943262411
"2013_1274_1355",0.283687943262411
"2013_1274_1361",0.283687943262411
"2013_1274_1380",0.283687943262411
"2013_1274_1387",0.283687943262411
"2013_1274_1388",0.283687943262411
"2013_1274_1393",0.283687943262411
"2013_1274_1396",0.283687943262411
"2013_1274_1417",0.283687943262411
"2013_1274_1424",0.283687943262411
"2013_1274_1433",0.283687943262411
"2013_1274_1434",0.283687943262411
"2013_1274_1437",0.283687943262411
"2013_1274_1443",0.283687943262411
"2013_1274_1455",0.283687943262411
"2013_1274_1458",0.283687943262411
"2013_1276_1277",0.283687943262411
"2013_1276_1278",0.283687943262411
"2013_1276_1279",0.283687943262411
"2013_1276_1281",0.283687943262411
"2013_1276_1285",0.283687943262411
"2013_1276_1292",0.283687943262411
"2013_1276_1299",0.283687943262411
"2013_1276_1301",0.283687943262411
"2013_1276_1307",0.283687943262411
"2013_1276_1308",0.283687943262411
"2013_1276_1314",0.283687943262411
"2013_1276_1322",0.283687943262411
"2013_1276_1323",0.283687943262411
"2013_1276_1326",0.283687943262411
"2013_1276_1328",0.283687943262411
"2013_1276_1329",0.283687943262411
"2013_1276_1332",0.283687943262411
"2013_1276_1334",0.283687943262411
"2013_1276_1338",0.283687943262411
"2013_1276_1355",0.283687943262411
"2013_1276_1361",0.283687943262411
"2013_1276_1380",0.283687943262411
"2013_1276_1387",0.283687943262411
"2013_1276_1388",0.283687943262411
"2013_1276_1393",0.283687943262411
"2013_1276_1396",0.283687943262411
"2013_1276_1417",0.283687943262411
"2013_1276_1424",0.283687943262411
"2013_1276_1433",0.283687943262411
"2013_1276_1434",0.283687943262411
"2013_1276_1437",0.283687943262411
"2013_1276_1443",0.283687943262411
"2013_1276_1455",0.283687943262411
"2013_1276_1458",0.283687943262411
"2013_1277_1278",0.283687943262411
"2013_1277_1279",0.283687943262411
"2013_1277_1281",0.283687943262411
"2013_1277_1285",0.283687943262411
"2013_1277_1292",0.283687943262411
"2013_1277_1299",0.283687943262411
"2013_1277_1301",0.283687943262411
"2013_1277_1307",0.283687943262411
"2013_1277_1308",0.283687943262411
"2013_1277_1314",0.283687943262411
"2013_1277_1322",0.283687943262411
"2013_1277_1323",0.283687943262411
"2013_1277_1326",0.283687943262411
"2013_1277_1328",0.283687943262411
"2013_1277_1329",0.283687943262411
"2013_1277_1332",0.283687943262411
"2013_1277_1334",0.283687943262411
"2013_1277_1338",0.283687943262411
"2013_1277_1355",0.283687943262411
"2013_1277_1361",0.283687943262411
"2013_1277_1380",0.283687943262411
"2013_1277_1387",0.283687943262411
"2013_1277_1388",0.283687943262411
"2013_1277_1393",0.283687943262411
"2013_1277_1396",0.283687943262411
"2013_1277_1417",0.283687943262411
"2013_1277_1424",0.283687943262411
"2013_1277_1433",0.283687943262411
"2013_1277_1434",0.283687943262411
"2013_1277_1437",0.283687943262411
"2013_1277_1443",0.283687943262411
"2013_1277_1455",0.283687943262411
"2013_1277_1458",0.283687943262411
"2013_1278_1279",0.3
"2013_1278_1281",0.3
"2013_1278_1285",0.3
"2013_1278_1292",0.3
"2013_1278_1299",0.3
"2013_1278_1301",0.3
"2013_1278_1307",0.884615384615385
"2013_1278_1308",0.3
"2013_1278_1314",0.3
"2013_1278_1322",0.3
"2013_1278_1323",0.727272727272727
"2013_1278_1326",0.884615384615385
"2013_1278_1328",0.727272727272727
"2013_1278_1329",0.777777777777778
"2013_1278_1332",0.3
"2013_1278_1334",0.3
"2013_1278_1338",0.3
"2013_1278_1355",0.3
"2013_1278_1361",0.727272727272727
"2013_1278_1380",0.3
"2013_1278_1387",0.777777777777778
"2013_1278_1388",0.3
"2013_1278_1393",0.777777777777778
"2013_1278_1396",0.3
"2013_1278_1417",0.3
"2013_1278_1424",0.777777777777778
"2013_1278_1433",0.777777777777778
"2013_1278_1434",0.3
"2013_1278_1437",0.727272727272727
"2013_1278_1443",0.3
"2013_1278_1455",0.727272727272727
"2013_1278_1458",0.777777777777778
"2013_1279_1281",0.3
"2013_1279_1285",0.3
"2013_1279_1292",0.3
"2013_1279_1299",0.3
"2013_1279_1301",0.3
"2013_1279_1307",0.884615384615385
"2013_1279_1308",0.3
"2013_1279_1314",0.3
"2013_1279_1322",0.3
"2013_1279_1323",0.727272727272727
"2013_1279_1326",0.884615384615385
"2013_1279_1328",0.727272727272727
"2013_1279_1329",0.777777777777778
"2013_1279_1332",0.3
"2013_1279_1334",0.3
"2013_1279_1338",0.3
"2013_1279_1355",0.3
"2013_1279_1361",0.727272727272727
"2013_1279_1380",0.3
"2013_1279_1387",0.777777777777778
"2013_1279_1388",0.3
"2013_1279_1393",0.777777777777778
"2013_1279_1396",0.3
"2013_1279_1417",0.3
"2013_1279_1424",0.777777777777778
"2013_1279_1433",0.777777777777778
"2013_1279_1434",0.3
"2013_1279_1437",0.727272727272727
"2013_1279_1443",0.3
"2013_1279_1455",0.727272727272727
"2013_1279_1458",0.777777777777778
"2013_1281_1285",0.7
"2013_1281_1292",0.7
"2013_1281_1299",0.7
"2013_1281_1301",0.7
"2013_1281_1307",0.884615384615385
"2013_1281_1308",0.7
"2013_1281_1314",0.7
"2013_1281_1322",0.7
"2013_1281_1323",0.727272727272727
"2013_1281_1326",0.884615384615385
"2013_1281_1328",0.727272727272727
"2013_1281_1329",0.777777777777778
"2013_1281_1332",0.7
"2013_1281_1334",0.7
"2013_1281_1338",0.7
"2013_1281_1355",0.7
"2013_1281_1361",0.727272727272727
"2013_1281_1380",0.7
"2013_1281_1387",0.777777777777778
"2013_1281_1388",0.7
"2013_1281_1393",0.777777777777778
"2013_1281_1396",0.7
"2013_1281_1417",0.7
"2013_1281_1424",0.777777777777778
"2013_1281_1433",0.777777777777778
"2013_1281_1434",0.7
"2013_1281_1437",0.727272727272727
"2013_1281_1443",0.7
"2013_1281_1455",0.727272727272727
"2013_1281_1458",0.777777777777778
"2013_1285_1292",0.769230769230769
"2013_1285_1299",0.769230769230769
"2013_1285_1301",0.769230769230769
"2013_1285_1307",0.884615384615385
"2013_1285_1308",0.769230769230769
"2013_1285_1314",0.769230769230769
"2013_1285_1322",0.769230769230769
"2013_1285_1323",0.769230769230769
"2013_1285_1326",0.884615384615385
"2013_1285_1328",0.769230769230769
"2013_1285_1329",0.769230769230769
"2013_1285_1332",0.769230769230769
"2013_1285_1334",0.769230769230769
"2013_1285_1338",0.769230769230769
"2013_1285_1355",0.769230769230769
"2013_1285_1361",0.769230769230769
"2013_1285_1380",0.769230769230769
"2013_1285_1387",0.769230769230769
"2013_1285_1388",0.769230769230769
"2013_1285_1393",0.769230769230769
"2013_1285_1396",0.769230769230769
"2013_1285_1417",0.769230769230769
"2013_1285_1424",0.769230769230769
"2013_1285_1433",0.769230769230769
"2013_1285_1434",0.769230769230769
"2013_1285_1437",0.769230769230769
"2013_1285_1443",0.769230769230769
"2013_1285_1455",0.769230769230769
"2013_1285_1458",0.769230769230769
"2013_1292_1299",0.3
"2013_1292_1301",0.3
"2013_1292_1307",0.884615384615385
"2013_1292_1308",0.3
"2013_1292_1314",0.3
"2013_1292_1322",0.3
"2013_1292_1323",0.727272727272727
"2013_1292_1326",0.884615384615385
"2013_1292_1328",0.727272727272727
"2013_1292_1329",0.777777777777778
"2013_1292_1332",0.3
"2013_1292_1334",0.3
"2013_1292_1338",0.3
"2013_1292_1355",0.3
"2013_1292_1361",0.727272727272727
"2013_1292_1380",0.3
"2013_1292_1387",0.777777777777778
"2013_1292_1388",0.3
"2013_1292_1393",0.777777777777778
"2013_1292_1396",0.3
"2013_1292_1417",0.3
"2013_1292_1424",0.777777777777778
"2013_1292_1433",0.777777777777778
"2013_1292_1434",0.3
"2013_1292_1437",0.727272727272727
"2013_1292_1443",0.3
"2013_1292_1455",0.727272727272727
"2013_1292_1458",0.777777777777778
"2013_1299_1301",0.769230769230769
"2013_1299_1307",0.884615384615385
"2013_1299_1308",0.769230769230769
"2013_1299_1314",0.769230769230769
"2013_1299_1322",0.769230769230769
"2013_1299_1323",0.769230769230769
"2013_1299_1326",0.884615384615385
"2013_1299_1328",0.769230769230769
"2013_1299_1329",0.769230769230769
"2013_1299_1332",0.769230769230769
"2013_1299_1334",0.769230769230769
"2013_1299_1338",0.769230769230769
"2013_1299_1355",0.769230769230769
"2013_1299_1361",0.769230769230769
"2013_1299_1380",0.769230769230769
"2013_1299_1387",0.769230769230769
"2013_1299_1388",0.769230769230769
"2013_1299_1393",0.769230769230769
"2013_1299_1396",0.769230769230769
"2013_1299_1417",0.769230769230769
"2013_1299_1424",0.769230769230769
"2013_1299_1433",0.769230769230769
"2013_1299_1434",0.769230769230769
"2013_1299_1437",0.769230769230769
"2013_1299_1443",0.769230769230769
"2013_1299_1455",0.769230769230769
"2013_1299_1458",0.769230769230769
"2013_1301_1307",0.884615384615385
"2013_1301_1308",0.315789473684211
"2013_1301_1314",0.315789473684211
"2013_1301_1322",0.315789473684211
"2013_1301_1323",0.315789473684211
"2013_1301_1326",0.884615384615385
"2013_1301_1328",0.315789473684211
"2013_1301_1329",0.777777777777778
"2013_1301_1332",0.315789473684211
"2013_1301_1334",0.315789473684211
"2013_1301_1338",0.315789473684211
"2013_1301_1355",0.315789473684211
"2013_1301_1361",0.315789473684211
"2013_1301_1380",0.315789473684211
"2013_1301_1387",0.777777777777778
"2013_1301_1388",0.315789473684211
"2013_1301_1393",0.777777777777778
"2013_1301_1396",0.315789473684211
"2013_1301_1417",0.315789473684211
"2013_1301_1424",0.777777777777778
"2013_1301_1433",0.777777777777778
"2013_1301_1434",0.315789473684211
"2013_1301_1437",0.315789473684211
"2013_1301_1443",0.315789473684211
"2013_1301_1455",0.315789473684211
"2013_1301_1458",0.777777777777778
"2013_1307_1308",0.283687943262411
"2013_1307_1314",0.283687943262411
"2013_1307_1322",0.283687943262411
"2013_1307_1323",0.283687943262411
"2013_1307_1326",0.283687943262411
"2013_1307_1328",0.283687943262411
"2013_1307_1329",0.283687943262411
"2013_1307_1332",0.283687943262411
"2013_1307_1334",0.283687943262411
"2013_1307_1338",0.283687943262411
"2013_1307_1355",0.283687943262411
"2013_1307_1361",0.283687943262411
"2013_1307_1380",0.283687943262411
"2013_1307_1387",0.283687943262411
"2013_1307_1388",0.283687943262411
"2013_1307_1393",0.283687943262411
"2013_1307_1396",0.283687943262411
"2013_1307_1417",0.283687943262411
"2013_1307_1424",0.283687943262411
"2013_1307_1433",0.283687943262411
"2013_1307_1434",0.283687943262411
"2013_1307_1437",0.283687943262411
"2013_1307_1443",0.283687943262411
"2013_1307_1455",0.283687943262411
"2013_1307_1458",0.283687943262411
"2013_1308_1314",0.769230769230769
"2013_1308_1322",0.769230769230769
"2013_1308_1323",0.769230769230769
"2013_1308_1326",0.884615384615385
"2013_1308_1328",0.769230769230769
"2013_1308_1329",0.769230769230769
"2013_1308_1332",0.769230769230769
"2013_1308_1334",0.769230769230769
"2013_1308_1338",0.769230769230769
"2013_1308_1355",0.769230769230769
"2013_1308_1361",0.769230769230769
"2013_1308_1380",0.769230769230769
"2013_1308_1387",0.769230769230769
"2013_1308_1388",0.769230769230769
"2013_1308_1393",0.769230769230769
"2013_1308_1396",0.769230769230769
"2013_1308_1417",0.769230769230769
"2013_1308_1424",0.769230769230769
"2013_1308_1433",0.769230769230769
"2013_1308_1434",0.769230769230769
"2013_1308_1437",0.769230769230769
"2013_1308_1443",0.769230769230769
"2013_1308_1455",0.769230769230769
"2013_1308_1458",0.769230769230769
"2013_1314_1322",0.315789473684211
"2013_1314_1323",0.315789473684211
"2013_1314_1326",0.884615384615385
"2013_1314_1328",0.315789473684211
"2013_1314_1329",0.777777777777778
"2013_1314_1332",0.315789473684211
"2013_1314_1334",0.315789473684211
"2013_1314_1338",0.315789473684211
"2013_1314_1355",0.315789473684211
"2013_1314_1361",0.315789473684211
"2013_1314_1380",0.315789473684211
"2013_1314_1387",0.777777777777778
"2013_1314_1388",0.315789473684211
"2013_1314_1393",0.777777777777778
"2013_1314_1396",0.315789473684211
"2013_1314_1417",0.315789473684211
"2013_1314_1424",0.777777777777778
"2013_1314_1433",0.777777777777778
"2013_1314_1434",0.315789473684211
"2013_1314_1437",0.315789473684211
"2013_1314_1443",0.315789473684211
"2013_1314_1455",0.315789473684211
"2013_1314_1458",0.777777777777778
"2013_1322_1323",0.769230769230769
"2013_1322_1326",0.884615384615385
"2013_1322_1328",0.769230769230769
"2013_1322_1329",0.769230769230769
"2013_1322_1332",0.769230769230769
"2013_1322_1334",0.769230769230769
"2013_1322_1338",0.769230769230769
"2013_1322_1355",0.769230769230769
"2013_1322_1361",0.769230769230769
"2013_1322_1380",0.769230769230769
"2013_1322_1387",0.769230769230769
"2013_1322_1388",0.769230769230769
"2013_1322_1393",0.769230769230769
"2013_1322_1396",0.769230769230769
"2013_1322_1417",0.769230769230769
"2013_1322_1424",0.769230769230769
"2013_1322_1433",0.769230769230769
"2013_1322_1434",0.769230769230769
"2013_1322_1437",0.769230769230769
"2013_1322_1443",0.769230769230769
"2013_1322_1455",0.769230769230769
"2013_1322_1458",0.769230769230769
"2013_1323_1326",0.884615384615385
"2013_1323_1328",0.583333333333333
"2013_1323_1329",0.777777777777778
"2013_1323_1332",0.583333333333333
"2013_1323_1334",0.583333333333333
"2013_1323_1338",0.583333333333333
"2013_1323_1355",0.583333333333333
"2013_1323_1361",0.583333333333333
"2013_1323_1380",0.583333333333333
"2013_1323_1387",0.777777777777778
"2013_1323_1388",0.583333333333333
"2013_1323_1393",0.777777777777778
"2013_1323_1396",0.583333333333333
"2013_1323_1417",0.583333333333333
"2013_1323_1424",0.777777777777778
"2013_1323_1433",0.777777777777778
"2013_1323_1434",0.583333333333333
"2013_1323_1437",0.583333333333333
"2013_1323_1443",0.583333333333333
"2013_1323_1455",0.583333333333333
"2013_1323_1458",0.777777777777778
"2013_1326_1328",0.283687943262411
"2013_1326_1329",0.283687943262411
"2013_1326_1332",0.283687943262411
"2013_1326_1334",0.283687943262411
"2013_1326_1338",0.283687943262411
"2013_1326_1355",0.283687943262411
"2013_1326_1361",0.283687943262411
"2013_1326_1380",0.283687943262411
"2013_1326_1387",0.283687943262411
"2013_1326_1388",0.283687943262411
"2013_1326_1393",0.283687943262411
"2013_1326_1396",0.283687943262411
"2013_1326_1417",0.283687943262411
"2013_1326_1424",0.283687943262411
"2013_1326_1433",0.283687943262411
"2013_1326_1434",0.283687943262411
"2013_1326_1437",0.283687943262411
"2013_1326_1443",0.283687943262411
"2013_1326_1455",0.283687943262411
"2013_1326_1458",0.283687943262411
"2013_1328_1329",0.777777777777778
"2013_1328_1332",0.7
"2013_1328_1334",0.7
"2013_1328_1338",0.7
"2013_1328_1355",0.7
"2013_1328_1361",0.727272727272727
"2013_1328_1380",0.7
"2013_1328_1387",0.777777777777778
"2013_1328_1388",0.7
"2013_1328_1393",0.777777777777778
"2013_1328_1396",0.7
"2013_1328_1417",0.7
"2013_1328_1424",0.777777777777778
"2013_1328_1433",0.777777777777778
"2013_1328_1434",0.7
"2013_1328_1437",0.727272727272727
"2013_1328_1443",0.7
"2013_1328_1455",0.727272727272727
"2013_1328_1458",0.777777777777778
"2013_1329_1332",0.283687943262411
"2013_1329_1334",0.283687943262411
"2013_1329_1338",0.283687943262411
"2013_1329_1355",0.283687943262411
"2013_1329_1361",0.283687943262411
"2013_1329_1380",0.283687943262411
"2013_1329_1387",0.283687943262411
"2013_1329_1388",0.283687943262411
"2013_1329_1393",0.283687943262411
"2013_1329_1396",0.283687943262411
"2013_1329_1417",0.283687943262411
"2013_1329_1424",0.283687943262411
"2013_1329_1433",0.283687943262411
"2013_1329_1434",0.283687943262411
"2013_1329_1437",0.283687943262411
"2013_1329_1443",0.283687943262411
"2013_1329_1455",0.283687943262411
"2013_1329_1458",0.283687943262411
"2013_1332_1334",0.3
"2013_1332_1338",0.3
"2013_1332_1355",0.3
"2013_1332_1361",0.727272727272727
"2013_1332_1380",0.3
"2013_1332_1387",0.777777777777778
"2013_1332_1388",0.3
"2013_1332_1393",0.777777777777778
"2013_1332_1396",0.3
"2013_1332_1417",0.3
"2013_1332_1424",0.777777777777778
"2013_1332_1433",0.777777777777778
"2013_1332_1434",0.3
"2013_1332_1437",0.727272727272727
"2013_1332_1443",0.3
"2013_1332_1455",0.727272727272727
"2013_1332_1458",0.777777777777778
"2013_1334_1338",0.769230769230769
"2013_1334_1355",0.769230769230769
"2013_1334_1361",0.769230769230769
"2013_1334_1380",0.769230769230769
"2013_1334_1387",0.769230769230769
"2013_1334_1388",0.769230769230769
"2013_1334_1393",0.769230769230769
"2013_1334_1396",0.769230769230769
"2013_1334_1417",0.769230769230769
"2013_1334_1424",0.769230769230769
"2013_1334_1433",0.769230769230769
"2013_1334_1434",0.769230769230769
"2013_1334_1437",0.769230769230769
"2013_1334_1443",0.769230769230769
"2013_1334_1455",0.769230769230769
"2013_1334_1458",0.769230769230769
"2013_1338_1355",0.315789473684211
"2013_1338_1361",0.315789473684211
"2013_1338_1380",0.315789473684211
"2013_1338_1387",0.777777777777778
"2013_1338_1388",0.315789473684211
"2013_1338_1393",0.777777777777778
"2013_1338_1396",0.315789473684211
"2013_1338_1417",0.315789473684211
"2013_1338_1424",0.777777777777778
"2013_1338_1433",0.777777777777778
"2013_1338_1434",0.315789473684211
"2013_1338_1437",0.315789473684211
"2013_1338_1443",0.315789473684211
"2013_1338_1455",0.315789473684211
"2013_1338_1458",0.777777777777778
"2013_1355_1361",0.769230769230769
"2013_1355_1380",0.769230769230769
"2013_1355_1387",0.769230769230769
"2013_1355_1388",0.769230769230769
"2013_1355_1393",0.769230769230769
"2013_1355_1396",0.769230769230769
"2013_1355_1417",0.769230769230769
"2013_1355_1424",0.769230769230769
"2013_1355_1433",0.769230769230769
"2013_1355_1434",0.769230769230769
"2013_1355_1437",0.769230769230769
"2013_1355_1443",0.769230769230769
"2013_1355_1455",0.769230769230769
"2013_1355_1458",0.769230769230769
"2013_1361_1380",0.583333333333333
"2013_1361_1387",0.777777777777778
"2013_1361_1388",0.583333333333333
"2013_1361_1393",0.777777777777778
"2013_1361_1396",0.583333333333333
"2013_1361_1417",0.583333333333333
"2013_1361_1424",0.777777777777778
"2013_1361_1433",0.777777777777778
"2013_1361_1434",0.583333333333333
"2013_1361_1437",0.583333333333333
"2013_1361_1443",0.583333333333333
"2013_1361_1455",0.583333333333333
"2013_1361_1458",0.777777777777778
"2013_1380_1387",0.769230769230769
"2013_1380_1388",0.769230769230769
"2013_1380_1393",0.769230769230769
"2013_1380_1396",0.769230769230769
"2013_1380_1417",0.769230769230769
"2013_1380_1424",0.769230769230769
"2013_1380_1433",0.769230769230769
"2013_1380_1434",0.769230769230769
"2013_1380_1437",0.769230769230769
"2013_1380_1443",0.769230769230769
"2013_1380_1455",0.769230769230769
"2013_1380_1458",0.769230769230769
"2013_1387_1388",0.283687943262411
"2013_1387_1393",0.283687943262411
"2013_1387_1396",0.283687943262411
"2013_1387_1417",0.283687943262411
"2013_1387_1424",0.283687943262411
"2013_1387_1433",0.283687943262411
"2013_1387_1434",0.283687943262411
"2013_1387_1437",0.283687943262411
"2013_1387_1443",0.283687943262411
"2013_1387_1455",0.283687943262411
"2013_1387_1458",0.283687943262411
"2013_1388_1393",0.777777777777778
"2013_1388_1396",0.3
"2013_1388_1417",0.3
"2013_1388_1424",0.777777777777778
"2013_1388_1433",0.777777777777778
"2013_1388_1434",0.3
"2013_1388_1437",0.727272727272727
"2013_1388_1443",0.3
"2013_1388_1455",0.727272727272727
"2013_1388_1458",0.777777777777778
"2013_1393_1396",0.283687943262411
"2013_1393_1417",0.283687943262411
"2013_1393_1424",0.283687943262411
"2013_1393_1433",0.283687943262411
"2013_1393_1434",0.283687943262411
"2013_1393_1437",0.283687943262411
"2013_1393_1443",0.283687943262411
"2013_1393_1455",0.283687943262411
"2013_1393_1458",0.283687943262411
"2013_1396_1417",0.7
"2013_1396_1424",0.777777777777778
"2013_1396_1433",0.777777777777778
"2013_1396_1434",0.7
"2013_1396_1437",0.727272727272727
"2013_1396_1443",0.7
"2013_1396_1455",0.727272727272727
"2013_1396_1458",0.777777777777778
"2013_1417_1424",0.777777777777778
"2013_1417_1433",0.777777777777778
"2013_1417_1434",0.315789473684211
"2013_1417_1437",0.315789473684211
"2013_1417_1443",0.315789473684211
"2013_1417_1455",0.315789473684211
"2013_1417_1458",0.777777777777778
"2013_1424_1433",0.283687943262411
"2013_1424_1434",0.283687943262411
"2013_1424_1437",0.283687943262411
"2013_1424_1443",0.283687943262411
"2013_1424_1455",0.283687943262411
"2013_1424_1458",0.283687943262411
"2013_1433_1434",0.283687943262411
"2013_1433_1437",0.283687943262411
"2013_1433_1443",0.283687943262411
"2013_1433_1455",0.283687943262411
"2013_1433_1458",0.283687943262411
"2013_1434_1437",0.769230769230769
"2013_1434_1443",0.769230769230769
"2013_1434_1455",0.769230769230769
"2013_1434_1458",0.769230769230769
"2013_1437_1443",0.7
"2013_1437_1455",0.727272727272727
"2013_1437_1458",0.777777777777778
"2013_1443_1455",0.769230769230769
"2013_1443_1458",0.769230769230769
"2013_1455_1458",0.777777777777778
